Business / Practice Name,Dentist / Owner Name,Specialty,Phone Number,Email Address,Full Address,City,State/Region,Country,Google Maps URL,Existing Website URL,Website Status,Website Quality Notes,Instagram URL,Facebook URL,Lead Source,Lead Score,Reason for Score,Outreach Status,Notes,Personalized Demo Link,Cold Email Subject,Personalized Cold Email Pitch,WhatsApp / SMS Pitch
Family Dentistry Tampa FL,Dr. Rebecca E. Benedict offers family dentistry for both kids and adults in Tampa,Pediatric Dentistry,813-590-6649,N/A (Not publicly listed),"Tampa, FL",Tampa,FL,USA,https://www.google.com/maps/search/?api=1&query=Family%20Dentistry%20Tampa%20FL%20Tampa%20FL,https://www.historichydeparkdentistry.com/dental-services/general-dentistry/family-dentistry/,No Website,Domain Inaccessible / Connection Refused,,,Public Web Search,95,+50: No Website (Primary Target) | +20: Independent Local Practice | +15: Public Phone Number Available | +10: Doctor Identified (Dr. Rebecca E. Benedict offers family dentistry for both kids and adults in Tampa),New,Scraped via Public Web Search,https://dentist-portfolio-website.vercel.app/?practice=Family+Dentistry+Tampa+FL&doctor=Dr.+Rebecca+E.+Benedict+offers+family+dentistry+for+both+kids+and+adults+in+Tampa&city=Tampa%2C+FL&phone=813-590-6649,Website concept built for Family Dentistry Tampa FL (Tampa),"Hi Dr. Rebecca E. Benedict offers family dentistry for both kids and adults in Tampa,

I was looking up top-rated dental practices in Tampa and came across Family Dentistry Tampa FL. I noticed you have great reviews, but patients searching online can't find an official website to view your services or book an appointment.

Since over 70% of new patients choose a dentist online, I took the liberty of creating a personalized, mobile-friendly website demo built specifically for Family Dentistry Tampa FL:

👉 View Your Live Practice Demo: https://dentist-portfolio-website.vercel.app/?practice=Family+Dentistry+Tampa+FL&doctor=Dr.+Rebecca+E.+Benedict+offers+family+dentistry+for+both+kids+and+adults+in+Tampa&city=Tampa%2C+FL&phone=813-590-6649

It includes an online appointment booking system, 3D smile transformation gallery, and 24/7 emergency hotline callouts. 

If you like how it looks, we can put this live on your custom domain in under 48 hours. Are you available for a quick 5-minute call this week?

Best regards,
Hari Om
Web Design & Growth Partner for Dental Practices
",Hi Dr. Rebecca E. Benedict offers family dentistry for both kids and adults in Tampa! I noticed Family Dentistry Tampa FL in Tampa doesn't have a website listed online. I built a custom mobile demo site for your practice here: https://dentist-portfolio-website.vercel.app/?practice=Family+Dentistry+Tampa+FL&doctor=Dr.+Rebecca+E.+Benedict+offers+family+dentistry+for+both+kids+and+adults+in+Tampa&city=Tampa%2C+FL&phone=813-590-6649 — Let me know if you'd like to put this live!
"Dentist in Tampa FL, Family and Cosmetic Dentistry 33615",N/A (Public record not listed),Cosmetic Dentistry,813-243-4142,N/A (Not publicly listed),"Tampa, FL",Tampa,FL,USA,https://www.google.com/maps/search/?api=1&query=Dentist%20in%20Tampa%20FL%2C%20Family%20and%20Cosmetic%20Dentistry%2033615%20Tampa%20FL,https://www.westwatersfamilydentistry.com/,No Website,Domain Inaccessible / Connection Refused,,,Public Web Search,85,+50: No Website (Primary Target) | +20: Independent Local Practice | +15: Public Phone Number Available,New,Scraped via Public Web Search,https://dentist-portfolio-website.vercel.app/?practice=Dentist+in+Tampa+FL%2C+Family+and+Cosmetic+Dentistry+33615&doctor=Doctor&city=Tampa%2C+FL&phone=813-243-4142,"Website concept built for Dentist in Tampa FL, Family and Cosmetic Dentistry 33615 (Tampa)","Hi Doctor,

I was looking up top-rated dental practices in Tampa and came across Dentist in Tampa FL, Family and Cosmetic Dentistry 33615. I noticed you have great reviews, but patients searching online can't find an official website to view your services or book an appointment.

Since over 70% of new patients choose a dentist online, I took the liberty of creating a personalized, mobile-friendly website demo built specifically for Dentist in Tampa FL, Family and Cosmetic Dentistry 33615:

👉 View Your Live Practice Demo: https://dentist-portfolio-website.vercel.app/?practice=Dentist+in+Tampa+FL%2C+Family+and+Cosmetic+Dentistry+33615&doctor=Doctor&city=Tampa%2C+FL&phone=813-243-4142

It includes an online appointment booking system, 3D smile transformation gallery, and 24/7 emergency hotline callouts. 

If you like how it looks, we can put this live on your custom domain in under 48 hours. Are you available for a quick 5-minute call this week?

Best regards,
Hari Om
Web Design & Growth Partner for Dental Practices
","Hi Doctor! I noticed Dentist in Tampa FL, Family and Cosmetic Dentistry 33615 in Tampa doesn't have a website listed online. I built a custom mobile demo site for your practice here: https://dentist-portfolio-website.vercel.app/?practice=Dentist+in+Tampa+FL%2C+Family+and+Cosmetic+Dentistry+33615&doctor=Doctor&city=Tampa%2C+FL&phone=813-243-4142 — Let me know if you'd like to put this live!"
Amberly Family Dentistry,N/A (Public record not listed),General Dentistry,813-910-3333,N/A (Not publicly listed),"Tampa, FL",Tampa,FL,USA,https://www.google.com/maps/search/?api=1&query=Amberly%20Family%20Dentistry%20Tampa%20FL,https://www.amberlydentaltampa.com/,No Website,Domain Inaccessible / Connection Refused,,,Public Web Search,85,+50: No Website (Primary Target) | +20: Independent Local Practice | +15: Public Phone Number Available,New,Scraped via Public Web Search,https://dentist-portfolio-website.vercel.app/?practice=Amberly+Family+Dentistry&doctor=Doctor&city=Tampa%2C+FL&phone=813-910-3333,Website concept built for Amberly Family Dentistry (Tampa),"Hi Doctor,

I was looking up top-rated dental practices in Tampa and came across Amberly Family Dentistry. I noticed you have great reviews, but patients searching online can't find an official website to view your services or book an appointment.

Since over 70% of new patients choose a dentist online, I took the liberty of creating a personalized, mobile-friendly website demo built specifically for Amberly Family Dentistry:

👉 View Your Live Practice Demo: https://dentist-portfolio-website.vercel.app/?practice=Amberly+Family+Dentistry&doctor=Doctor&city=Tampa%2C+FL&phone=813-910-3333

It includes an online appointment booking system, 3D smile transformation gallery, and 24/7 emergency hotline callouts. 

If you like how it looks, we can put this live on your custom domain in under 48 hours. Are you available for a quick 5-minute call this week?

Best regards,
Hari Om
Web Design & Growth Partner for Dental Practices
",Hi Doctor! I noticed Amberly Family Dentistry in Tampa doesn't have a website listed online. I built a custom mobile demo site for your practice here: https://dentist-portfolio-website.vercel.app/?practice=Amberly+Family+Dentistry&doctor=Doctor&city=Tampa%2C+FL&phone=813-910-3333 — Let me know if you'd like to put this live!
Radiance Orthodontics,Dr. Jureyda of Radiance Orthodontics is your Tampa,Orthodontics,,N/A (Not publicly listed),"Tampa, FL",Tampa,FL,USA,https://www.google.com/maps/search/?api=1&query=Radiance%20Orthodontics%20Tampa%20FL,https://www.myradiancebraces.com/,No Website,Domain Inaccessible / Connection Refused,,,Public Web Search,80,+50: No Website (Primary Target) | +20: Independent Local Practice | +10: Doctor Identified (Dr. Jureyda of Radiance Orthodontics is your Tampa),New,Scraped via Public Web Search,https://dentist-portfolio-website.vercel.app/?practice=Radiance+Orthodontics&doctor=Dr.+Jureyda+of+Radiance+Orthodontics+is+your+Tampa&city=Tampa%2C+FL&phone=nan,Website concept built for Radiance Orthodontics (Tampa),"Hi Dr. Jureyda of Radiance Orthodontics is your Tampa,

I was looking up top-rated dental practices in Tampa and came across Radiance Orthodontics. I noticed you have great reviews, but patients searching online can't find an official website to view your services or book an appointment.

Since over 70% of new patients choose a dentist online, I took the liberty of creating a personalized, mobile-friendly website demo built specifically for Radiance Orthodontics:

👉 View Your Live Practice Demo: https://dentist-portfolio-website.vercel.app/?practice=Radiance+Orthodontics&doctor=Dr.+Jureyda+of+Radiance+Orthodontics+is+your+Tampa&city=Tampa%2C+FL&phone=nan

It includes an online appointment booking system, 3D smile transformation gallery, and 24/7 emergency hotline callouts. 

If you like how it looks, we can put this live on your custom domain in under 48 hours. Are you available for a quick 5-minute call this week?

Best regards,
Hari Om
Web Design & Growth Partner for Dental Practices
",Hi Dr. Jureyda of Radiance Orthodontics is your Tampa! I noticed Radiance Orthodontics in Tampa doesn't have a website listed online. I built a custom mobile demo site for your practice here: https://dentist-portfolio-website.vercel.app/?practice=Radiance+Orthodontics&doctor=Dr.+Jureyda+of+Radiance+Orthodontics+is+your+Tampa&city=Tampa%2C+FL&phone=nan — Let me know if you'd like to put this live!
"Community Orthodontist in Tampa, FL for Kids, Teens & ...",Dr. Clayton McEntire and Dr. Rick Escobar,Orthodontics,,N/A (Not publicly listed),"Tampa, FL",Tampa,FL,USA,https://www.google.com/maps/search/?api=1&query=Community%20Orthodontist%20in%20Tampa%2C%20FL%20for%20Kids%2C%20Teens%20%26%20...%20Tampa%20FL,https://www.amley-mcentire.com/orthodontist-tampa-fl/,No Website,Domain Inaccessible / Connection Refused,,,Public Web Search,80,+50: No Website (Primary Target) | +20: Independent Local Practice | +10: Doctor Identified (Dr. Clayton McEntire and Dr. Rick Escobar),New,Scraped via Public Web Search,https://dentist-portfolio-website.vercel.app/?practice=Community+Orthodontist+in+Tampa%2C+FL+for+Kids%2C+Teens+%26+...&doctor=Dr.+Clayton+McEntire+and+Dr.+Rick+Escobar&city=Tampa%2C+FL&phone=nan,"Website concept built for Community Orthodontist in Tampa, FL for Kids, Teens & ... (Tampa)","Hi Dr. Clayton McEntire and Dr. Rick Escobar,

I was looking up top-rated dental practices in Tampa and came across Community Orthodontist in Tampa, FL for Kids, Teens & .... I noticed you have great reviews, but patients searching online can't find an official website to view your services or book an appointment.

Since over 70% of new patients choose a dentist online, I took the liberty of creating a personalized, mobile-friendly website demo built specifically for Community Orthodontist in Tampa, FL for Kids, Teens & ...:

👉 View Your Live Practice Demo: https://dentist-portfolio-website.vercel.app/?practice=Community+Orthodontist+in+Tampa%2C+FL+for+Kids%2C+Teens+%26+...&doctor=Dr.+Clayton+McEntire+and+Dr.+Rick+Escobar&city=Tampa%2C+FL&phone=nan

It includes an online appointment booking system, 3D smile transformation gallery, and 24/7 emergency hotline callouts. 

If you like how it looks, we can put this live on your custom domain in under 48 hours. Are you available for a quick 5-minute call this week?

Best regards,
Hari Om
Web Design & Growth Partner for Dental Practices
","Hi Dr. Clayton McEntire and Dr. Rick Escobar! I noticed Community Orthodontist in Tampa, FL for Kids, Teens & ... in Tampa doesn't have a website listed online. I built a custom mobile demo site for your practice here: https://dentist-portfolio-website.vercel.app/?practice=Community+Orthodontist+in+Tampa%2C+FL+for+Kids%2C+Teens+%26+...&doctor=Dr.+Clayton+McEntire+and+Dr.+Rick+Escobar&city=Tampa%2C+FL&phone=nan — Let me know if you'd like to put this live!"
Orthodontist Tampa Invisalign Braces,Dr. Mann at Mann Orthodontics offers expert orthodontic care with braces and Invisalign in Tampa,Orthodontics,,N/A (Not publicly listed),"Tampa, FL",Tampa,FL,USA,https://www.google.com/maps/search/?api=1&query=Orthodontist%20Tampa%20Invisalign%20Braces%20Tampa%20FL,https://mannmadesmiles.com/,No Website,Domain Inaccessible / Connection Refused,,,Public Web Search,80,+50: No Website (Primary Target) | +20: Independent Local Practice | +10: Doctor Identified (Dr. Mann at Mann Orthodontics offers expert orthodontic care with braces and Invisalign in Tampa),New,Scraped via Public Web Search,https://dentist-portfolio-website.vercel.app/?practice=Orthodontist+Tampa+Invisalign+Braces&doctor=Dr.+Mann+at+Mann+Orthodontics+offers+expert+orthodontic+care+with+braces+and+Invisalign+in+Tampa&city=Tampa%2C+FL&phone=nan,Website concept built for Orthodontist Tampa Invisalign Braces (Tampa),"Hi Dr. Mann at Mann Orthodontics offers expert orthodontic care with braces and Invisalign in Tampa,

I was looking up top-rated dental practices in Tampa and came across Orthodontist Tampa Invisalign Braces. I noticed you have great reviews, but patients searching online can't find an official website to view your services or book an appointment.

Since over 70% of new patients choose a dentist online, I took the liberty of creating a personalized, mobile-friendly website demo built specifically for Orthodontist Tampa Invisalign Braces:

👉 View Your Live Practice Demo: https://dentist-portfolio-website.vercel.app/?practice=Orthodontist+Tampa+Invisalign+Braces&doctor=Dr.+Mann+at+Mann+Orthodontics+offers+expert+orthodontic+care+with+braces+and+Invisalign+in+Tampa&city=Tampa%2C+FL&phone=nan

It includes an online appointment booking system, 3D smile transformation gallery, and 24/7 emergency hotline callouts. 

If you like how it looks, we can put this live on your custom domain in under 48 hours. Are you available for a quick 5-minute call this week?

Best regards,
Hari Om
Web Design & Growth Partner for Dental Practices
",Hi Dr. Mann at Mann Orthodontics offers expert orthodontic care with braces and Invisalign in Tampa! I noticed Orthodontist Tampa Invisalign Braces in Tampa doesn't have a website listed online. I built a custom mobile demo site for your practice here: https://dentist-portfolio-website.vercel.app/?practice=Orthodontist+Tampa+Invisalign+Braces&doctor=Dr.+Mann+at+Mann+Orthodontics+offers+expert+orthodontic+care+with+braces+and+Invisalign+in+Tampa&city=Tampa%2C+FL&phone=nan — Let me know if you'd like to put this live!
Orthodontics in Tampa FL,Dr. Chin when they want the best for their smile. Our team uses a people-centered orientation to deliver expert orthodontia care for radiant smiles and straighter teeth.,Orthodontics,(813) 264-7006,N/A (Not publicly listed),"Tampa, FL",Tampa,FL,USA,https://www.google.com/maps/search/?api=1&query=Orthodontics%20in%20Tampa%20FL%20Tampa%20FL,https://floridaorthodontic.com/,Poor/Outdated Website,HTTP Error Status 403,,,Public Web Search,80,+35: Poor/Outdated Website (Redesign Target) | +20: Independent Local Practice | +15: Public Phone Number Available | +10: Doctor Identified (Dr. Chin when they want the best for their smile. Our team uses a people-centered orientation to deliver expert orthodontia care for radiant smiles and straighter teeth.),New,Scraped via Public Web Search,https://dentist-portfolio-website.vercel.app/?practice=Orthodontics+in+Tampa+FL&doctor=Dr.+Chin+when+they+want+the+best+for+their+smile.+Our+team+uses+a+people-centered+orientation+to+deliver+expert+orthodontia+care+for+radiant+smiles+and+straighter+teeth.&city=Tampa%2C+FL&phone=%28813%29+264-7006,Quick question about Orthodontics in Tampa FL's website,"Hi Dr. Chin when they want the best for their smile. Our team uses a people-centered orientation to deliver expert orthodontia care for radiant smiles and straighter teeth.,

I was reviewing dental clinics in Tampa and stopped by Orthodontics in Tampa FL's website. 

While analyzing your site, I noticed a few technical issues that might be costing you potential patient bookings:
(HTTP Error Status 403)

I created a modern, ultra-responsive website redesign concept tailored specifically for Orthodontics in Tampa FL:

👉 View Your Redesign Demo: https://dentist-portfolio-website.vercel.app/?practice=Orthodontics+in+Tampa+FL&doctor=Dr.+Chin+when+they+want+the+best+for+their+smile.+Our+team+uses+a+people-centered+orientation+to+deliver+expert+orthodontia+care+for+radiant+smiles+and+straighter+teeth.&city=Tampa%2C+FL&phone=%28813%29+264-7006

It includes an interactive smile makeover gallery and seamless online booking. 

Would you be open to a 5-minute chat to see how this redesign can increase your monthly patient bookings?

Best regards,
Hari Om
Web Design & Growth Partner for Dental Practices
",Hi Dr. Chin when they want the best for their smile. Our team uses a people-centered orientation to deliver expert orthodontia care for radiant smiles and straighter teeth.! I reviewed Orthodontics in Tampa FL's website and created a modern mobile redesign concept for your clinic: https://dentist-portfolio-website.vercel.app/?practice=Orthodontics+in+Tampa+FL&doctor=Dr.+Chin+when+they+want+the+best+for+their+smile.+Our+team+uses+a+people-centered+orientation+to+deliver+expert+orthodontia+care+for+radiant+smiles+and+straighter+teeth.&city=Tampa%2C+FL&phone=%28813%29+264-7006 — Take a look and let me know your thoughts!
Perez Orthodontics,Dr. Barbara Perez of Perez Orthodontics offers orthodontic treatment including Invisalign,Orthodontics,,N/A (Not publicly listed),"Tampa, FL",Tampa,FL,USA,https://www.google.com/maps/search/?api=1&query=Perez%20Orthodontics%20Tampa%20FL,https://www.perezorthodontics.com/,No Website,Domain Inaccessible / Connection Refused,,,Public Web Search,80,+50: No Website (Primary Target) | +20: Independent Local Practice | +10: Doctor Identified (Dr. Barbara Perez of Perez Orthodontics offers orthodontic treatment including Invisalign),New,Scraped via Public Web Search,https://dentist-portfolio-website.vercel.app/?practice=Perez+Orthodontics&doctor=Dr.+Barbara+Perez+of+Perez+Orthodontics+offers+orthodontic+treatment+including+Invisalign&city=Tampa%2C+FL&phone=nan,Website concept built for Perez Orthodontics (Tampa),"Hi Dr. Barbara Perez of Perez Orthodontics offers orthodontic treatment including Invisalign,

I was looking up top-rated dental practices in Tampa and came across Perez Orthodontics. I noticed you have great reviews, but patients searching online can't find an official website to view your services or book an appointment.

Since over 70% of new patients choose a dentist online, I took the liberty of creating a personalized, mobile-friendly website demo built specifically for Perez Orthodontics:

👉 View Your Live Practice Demo: https://dentist-portfolio-website.vercel.app/?practice=Perez+Orthodontics&doctor=Dr.+Barbara+Perez+of+Perez+Orthodontics+offers+orthodontic+treatment+including+Invisalign&city=Tampa%2C+FL&phone=nan

It includes an online appointment booking system, 3D smile transformation gallery, and 24/7 emergency hotline callouts. 

If you like how it looks, we can put this live on your custom domain in under 48 hours. Are you available for a quick 5-minute call this week?

Best regards,
Hari Om
Web Design & Growth Partner for Dental Practices
",Hi Dr. Barbara Perez of Perez Orthodontics offers orthodontic treatment including Invisalign! I noticed Perez Orthodontics in Tampa doesn't have a website listed online. I built a custom mobile demo site for your practice here: https://dentist-portfolio-website.vercel.app/?practice=Perez+Orthodontics&doctor=Dr.+Barbara+Perez+of+Perez+Orthodontics+offers+orthodontic+treatment+including+Invisalign&city=Tampa%2C+FL&phone=nan — Let me know if you'd like to put this live!
Tampa Smiles,Dr. John Cannariato,General Dentistry,,N/A (Not publicly listed),"Tampa, FL",Tampa,FL,USA,https://www.google.com/maps/search/?api=1&query=Tampa%20Smiles%20Tampa%20FL,https://www.southtampasmiles.com/,No Website,Domain Inaccessible / Connection Refused,,,Public Web Search,80,+50: No Website (Primary Target) | +20: Independent Local Practice | +10: Doctor Identified (Dr. John Cannariato),New,Scraped via Public Web Search,https://dentist-portfolio-website.vercel.app/?practice=Tampa+Smiles&doctor=Dr.+John+Cannariato&city=Tampa%2C+FL&phone=nan,Website concept built for Tampa Smiles (Tampa),"Hi Dr. John Cannariato,

I was looking up top-rated dental practices in Tampa and came across Tampa Smiles. I noticed you have great reviews, but patients searching online can't find an official website to view your services or book an appointment.

Since over 70% of new patients choose a dentist online, I took the liberty of creating a personalized, mobile-friendly website demo built specifically for Tampa Smiles:

👉 View Your Live Practice Demo: https://dentist-portfolio-website.vercel.app/?practice=Tampa+Smiles&doctor=Dr.+John+Cannariato&city=Tampa%2C+FL&phone=nan

It includes an online appointment booking system, 3D smile transformation gallery, and 24/7 emergency hotline callouts. 

If you like how it looks, we can put this live on your custom domain in under 48 hours. Are you available for a quick 5-minute call this week?

Best regards,
Hari Om
Web Design & Growth Partner for Dental Practices
",Hi Dr. John Cannariato! I noticed Tampa Smiles in Tampa doesn't have a website listed online. I built a custom mobile demo site for your practice here: https://dentist-portfolio-website.vercel.app/?practice=Tampa+Smiles&doctor=Dr.+John+Cannariato&city=Tampa%2C+FL&phone=nan — Let me know if you'd like to put this live!
Top 10 Best Orthodontist in Tampa Florida (2026 Review),N/A (Public record not listed),Orthodontics,,N/A (Not publicly listed),"Tampa, FL",Tampa,FL,USA,https://www.google.com/maps/search/?api=1&query=Top%2010%20Best%20Orthodontist%20in%20Tampa%20Florida%20%282026%20Review%29%20Tampa%20FL,https://smyleee.com/top-10/top-10-best-orthodontist-in-tampa-florida,No Website,Domain Inaccessible / Connection Refused,,,Public Web Search,70,+50: No Website (Primary Target) | +20: Independent Local Practice,New,Scraped via Public Web Search,https://dentist-portfolio-website.vercel.app/?practice=Top+10+Best+Orthodontist+in+Tampa+Florida+%282026+Review%29&doctor=Doctor&city=Tampa%2C+FL&phone=nan,Website concept built for Top 10 Best Orthodontist in Tampa Florida (2026 Review) (Tampa),"Hi Doctor,

I was looking up top-rated dental practices in Tampa and came across Top 10 Best Orthodontist in Tampa Florida (2026 Review). I noticed you have great reviews, but patients searching online can't find an official website to view your services or book an appointment.

Since over 70% of new patients choose a dentist online, I took the liberty of creating a personalized, mobile-friendly website demo built specifically for Top 10 Best Orthodontist in Tampa Florida (2026 Review):

👉 View Your Live Practice Demo: https://dentist-portfolio-website.vercel.app/?practice=Top+10+Best+Orthodontist+in+Tampa+Florida+%282026+Review%29&doctor=Doctor&city=Tampa%2C+FL&phone=nan

It includes an online appointment booking system, 3D smile transformation gallery, and 24/7 emergency hotline callouts. 

If you like how it looks, we can put this live on your custom domain in under 48 hours. Are you available for a quick 5-minute call this week?

Best regards,
Hari Om
Web Design & Growth Partner for Dental Practices
",Hi Doctor! I noticed Top 10 Best Orthodontist in Tampa Florida (2026 Review) in Tampa doesn't have a website listed online. I built a custom mobile demo site for your practice here: https://dentist-portfolio-website.vercel.app/?practice=Top+10+Best+Orthodontist+in+Tampa+Florida+%282026+Review%29&doctor=Doctor&city=Tampa%2C+FL&phone=nan — Let me know if you'd like to put this live!
Tampa Dentist,N/A (Public record not listed),General Dentistry,(813) 701-3088,N/A (Not publicly listed),"Tampa, FL",Tampa,FL,USA,https://www.google.com/maps/search/?api=1&query=Tampa%20Dentist%20Tampa%20FL,https://www.adc-fl.com/dentist-office/tampa-fl-33614,Poor/Outdated Website,Slow page load time (4.5s),,,Public Web Search,70,+35: Poor/Outdated Website (Redesign Target) | +20: Independent Local Practice | +15: Public Phone Number Available,New,Scraped via Public Web Search,https://dentist-portfolio-website.vercel.app/?practice=Tampa+Dentist&doctor=Doctor&city=Tampa%2C+FL&phone=%28813%29+701-3088,Quick question about Tampa Dentist's website,"Hi Doctor,

I was reviewing dental clinics in Tampa and stopped by Tampa Dentist's website. 

While analyzing your site, I noticed a few technical issues that might be costing you potential patient bookings:
(Slow page load time (4.5s))

I created a modern, ultra-responsive website redesign concept tailored specifically for Tampa Dentist:

👉 View Your Redesign Demo: https://dentist-portfolio-website.vercel.app/?practice=Tampa+Dentist&doctor=Doctor&city=Tampa%2C+FL&phone=%28813%29+701-3088

It includes an interactive smile makeover gallery and seamless online booking. 

Would you be open to a 5-minute chat to see how this redesign can increase your monthly patient bookings?

Best regards,
Hari Om
Web Design & Growth Partner for Dental Practices
",Hi Doctor! I reviewed Tampa Dentist's website and created a modern mobile redesign concept for your clinic: https://dentist-portfolio-website.vercel.app/?practice=Tampa+Dentist&doctor=Doctor&city=Tampa%2C+FL&phone=%28813%29+701-3088 — Take a look and let me know your thoughts!
Orthodontic Specialists of Florida,N/A (Public record not listed),Orthodontics,,N/A (Not publicly listed),"Tampa, FL",Tampa,FL,USA,https://www.google.com/maps/search/?api=1&query=Orthodontic%20Specialists%20of%20Florida%20Tampa%20FL,https://www.fla4braces.com/,No Website,Domain Inaccessible / Connection Refused,,,Public Web Search,70,+50: No Website (Primary Target) | +20: Independent Local Practice,New,Scraped via Public Web Search,https://dentist-portfolio-website.vercel.app/?practice=Orthodontic+Specialists+of+Florida&doctor=Doctor&city=Tampa%2C+FL&phone=nan,Website concept built for Orthodontic Specialists of Florida (Tampa),"Hi Doctor,

I was looking up top-rated dental practices in Tampa and came across Orthodontic Specialists of Florida. I noticed you have great reviews, but patients searching online can't find an official website to view your services or book an appointment.

Since over 70% of new patients choose a dentist online, I took the liberty of creating a personalized, mobile-friendly website demo built specifically for Orthodontic Specialists of Florida:

👉 View Your Live Practice Demo: https://dentist-portfolio-website.vercel.app/?practice=Orthodontic+Specialists+of+Florida&doctor=Doctor&city=Tampa%2C+FL&phone=nan

It includes an online appointment booking system, 3D smile transformation gallery, and 24/7 emergency hotline callouts. 

If you like how it looks, we can put this live on your custom domain in under 48 hours. Are you available for a quick 5-minute call this week?

Best regards,
Hari Om
Web Design & Growth Partner for Dental Practices
",Hi Doctor! I noticed Orthodontic Specialists of Florida in Tampa doesn't have a website listed online. I built a custom mobile demo site for your practice here: https://dentist-portfolio-website.vercel.app/?practice=Orthodontic+Specialists+of+Florida&doctor=Doctor&city=Tampa%2C+FL&phone=nan — Let me know if you'd like to put this live!
Homepage,N/A (Public record not listed),Cosmetic Dentistry,813-229-8090,N/A (Not publicly listed),"Tampa, FL",Tampa,FL,USA,https://www.google.com/maps/search/?api=1&query=Homepage%20Tampa%20FL,https://ferraradentaltampa.com/,Poor/Outdated Website,Slow page load time (6.7s),,,Public Web Search,70,+35: Poor/Outdated Website (Redesign Target) | +20: Independent Local Practice | +15: Public Phone Number Available,New,Scraped via Public Web Search,https://dentist-portfolio-website.vercel.app/?practice=Homepage&doctor=Doctor&city=Tampa%2C+FL&phone=813-229-8090,Quick question about Homepage's website,"Hi Doctor,

I was reviewing dental clinics in Tampa and stopped by Homepage's website. 

While analyzing your site, I noticed a few technical issues that might be costing you potential patient bookings:
(Slow page load time (6.7s))

I created a modern, ultra-responsive website redesign concept tailored specifically for Homepage:

👉 View Your Redesign Demo: https://dentist-portfolio-website.vercel.app/?practice=Homepage&doctor=Doctor&city=Tampa%2C+FL&phone=813-229-8090

It includes an interactive smile makeover gallery and seamless online booking. 

Would you be open to a 5-minute chat to see how this redesign can increase your monthly patient bookings?

Best regards,
Hari Om
Web Design & Growth Partner for Dental Practices
",Hi Doctor! I reviewed Homepage's website and created a modern mobile redesign concept for your clinic: https://dentist-portfolio-website.vercel.app/?practice=Homepage&doctor=Doctor&city=Tampa%2C+FL&phone=813-229-8090 — Take a look and let me know your thoughts!
"3 Best Orthodontists in Tampa, FL",N/A (Public record not listed),Orthodontics,,N/A (Not publicly listed),"Tampa, FL",Tampa,FL,USA,https://www.google.com/maps/search/?api=1&query=3%20Best%20Orthodontists%20in%20Tampa%2C%20FL%20Tampa%20FL,https://threebestrated.com/orthodontists-in-tampa-fl,No Website,Domain Inaccessible / Connection Refused,,,Public Web Search,70,+50: No Website (Primary Target) | +20: Independent Local Practice,New,Scraped via Public Web Search,https://dentist-portfolio-website.vercel.app/?practice=3+Best+Orthodontists+in+Tampa%2C+FL&doctor=Doctor&city=Tampa%2C+FL&phone=nan,"Website concept built for 3 Best Orthodontists in Tampa, FL (Tampa)","Hi Doctor,

I was looking up top-rated dental practices in Tampa and came across 3 Best Orthodontists in Tampa, FL. I noticed you have great reviews, but patients searching online can't find an official website to view your services or book an appointment.

Since over 70% of new patients choose a dentist online, I took the liberty of creating a personalized, mobile-friendly website demo built specifically for 3 Best Orthodontists in Tampa, FL:

👉 View Your Live Practice Demo: https://dentist-portfolio-website.vercel.app/?practice=3+Best+Orthodontists+in+Tampa%2C+FL&doctor=Doctor&city=Tampa%2C+FL&phone=nan

It includes an online appointment booking system, 3D smile transformation gallery, and 24/7 emergency hotline callouts. 

If you like how it looks, we can put this live on your custom domain in under 48 hours. Are you available for a quick 5-minute call this week?

Best regards,
Hari Om
Web Design & Growth Partner for Dental Practices
","Hi Doctor! I noticed 3 Best Orthodontists in Tampa, FL in Tampa doesn't have a website listed online. I built a custom mobile demo site for your practice here: https://dentist-portfolio-website.vercel.app/?practice=3+Best+Orthodontists+in+Tampa%2C+FL&doctor=Doctor&city=Tampa%2C+FL&phone=nan — Let me know if you'd like to put this live!"
Tampa: Orthodontists,N/A (Public record not listed),Orthodontics,,N/A (Not publicly listed),"Tampa, FL",Tampa,FL,USA,https://www.google.com/maps/search/?api=1&query=Tampa%3A%20Orthodontists%20Tampa%20FL,https://fun4tampakids.com/Health-Resources/Orthodontists/,No Website,Domain Inaccessible / Connection Refused,,,Public Web Search,70,+50: No Website (Primary Target) | +20: Independent Local Practice,New,Scraped via Public Web Search,https://dentist-portfolio-website.vercel.app/?practice=Tampa%3A+Orthodontists&doctor=Doctor&city=Tampa%2C+FL&phone=nan,Website concept built for Tampa: Orthodontists (Tampa),"Hi Doctor,

I was looking up top-rated dental practices in Tampa and came across Tampa: Orthodontists. I noticed you have great reviews, but patients searching online can't find an official website to view your services or book an appointment.

Since over 70% of new patients choose a dentist online, I took the liberty of creating a personalized, mobile-friendly website demo built specifically for Tampa: Orthodontists:

👉 View Your Live Practice Demo: https://dentist-portfolio-website.vercel.app/?practice=Tampa%3A+Orthodontists&doctor=Doctor&city=Tampa%2C+FL&phone=nan

It includes an online appointment booking system, 3D smile transformation gallery, and 24/7 emergency hotline callouts. 

If you like how it looks, we can put this live on your custom domain in under 48 hours. Are you available for a quick 5-minute call this week?

Best regards,
Hari Om
Web Design & Growth Partner for Dental Practices
",Hi Doctor! I noticed Tampa: Orthodontists in Tampa doesn't have a website listed online. I built a custom mobile demo site for your practice here: https://dentist-portfolio-website.vercel.app/?practice=Tampa%3A+Orthodontists&doctor=Doctor&city=Tampa%2C+FL&phone=nan — Let me know if you'd like to put this live!
"Family Dentist in Tampa, FL",N/A (Public record not listed),Cosmetic Dentistry,,N/A (Not publicly listed),"Tampa, FL",Tampa,FL,USA,https://www.google.com/maps/search/?api=1&query=Family%20Dentist%20in%20Tampa%2C%20FL%20Tampa%20FL,https://www.precioussmilesfd.com/,No Website,Domain Inaccessible / Connection Refused,,,Public Web Search,70,+50: No Website (Primary Target) | +20: Independent Local Practice,New,Scraped via Public Web Search,https://dentist-portfolio-website.vercel.app/?practice=Family+Dentist+in+Tampa%2C+FL&doctor=Doctor&city=Tampa%2C+FL&phone=nan,"Website concept built for Family Dentist in Tampa, FL (Tampa)","Hi Doctor,

I was looking up top-rated dental practices in Tampa and came across Family Dentist in Tampa, FL. I noticed you have great reviews, but patients searching online can't find an official website to view your services or book an appointment.

Since over 70% of new patients choose a dentist online, I took the liberty of creating a personalized, mobile-friendly website demo built specifically for Family Dentist in Tampa, FL:

👉 View Your Live Practice Demo: https://dentist-portfolio-website.vercel.app/?practice=Family+Dentist+in+Tampa%2C+FL&doctor=Doctor&city=Tampa%2C+FL&phone=nan

It includes an online appointment booking system, 3D smile transformation gallery, and 24/7 emergency hotline callouts. 

If you like how it looks, we can put this live on your custom domain in under 48 hours. Are you available for a quick 5-minute call this week?

Best regards,
Hari Om
Web Design & Growth Partner for Dental Practices
","Hi Doctor! I noticed Family Dentist in Tampa, FL in Tampa doesn't have a website listed online. I built a custom mobile demo site for your practice here: https://dentist-portfolio-website.vercel.app/?practice=Family+Dentist+in+Tampa%2C+FL&doctor=Doctor&city=Tampa%2C+FL&phone=nan — Let me know if you'd like to put this live!"
"Dentist in Tampa, FL",N/A (Public record not listed),General Dentistry,(813) 773-0192,N/A (Not publicly listed),"Tampa, FL",Tampa,FL,USA,https://www.google.com/maps/search/?api=1&query=Dentist%20in%20Tampa%2C%20FL%20Tampa%20FL,https://northtampafamilydental.com/,Poor/Outdated Website,Slow page load time (4.1s),,,Public Web Search,70,+35: Poor/Outdated Website (Redesign Target) | +20: Independent Local Practice | +15: Public Phone Number Available,New,Scraped via Public Web Search,https://dentist-portfolio-website.vercel.app/?practice=Dentist+in+Tampa%2C+FL&doctor=Doctor&city=Tampa%2C+FL&phone=%28813%29+773-0192,"Quick question about Dentist in Tampa, FL's website","Hi Doctor,

I was reviewing dental clinics in Tampa and stopped by Dentist in Tampa, FL's website. 

While analyzing your site, I noticed a few technical issues that might be costing you potential patient bookings:
(Slow page load time (4.1s))

I created a modern, ultra-responsive website redesign concept tailored specifically for Dentist in Tampa, FL:

👉 View Your Redesign Demo: https://dentist-portfolio-website.vercel.app/?practice=Dentist+in+Tampa%2C+FL&doctor=Doctor&city=Tampa%2C+FL&phone=%28813%29+773-0192

It includes an interactive smile makeover gallery and seamless online booking. 

Would you be open to a 5-minute chat to see how this redesign can increase your monthly patient bookings?

Best regards,
Hari Om
Web Design & Growth Partner for Dental Practices
","Hi Doctor! I reviewed Dentist in Tampa, FL's website and created a modern mobile redesign concept for your clinic: https://dentist-portfolio-website.vercel.app/?practice=Dentist+in+Tampa%2C+FL&doctor=Doctor&city=Tampa%2C+FL&phone=%28813%29+773-0192 — Take a look and let me know your thoughts!"
"Dentist in Tampa FL, Family and Cosmetic Dentistry 33613",N/A (Public record not listed),Cosmetic Dentistry,813-988-9276,N/A (Not publicly listed),"Tampa, FL",Tampa,FL,USA,https://www.google.com/maps/search/?api=1&query=Dentist%20in%20Tampa%20FL%2C%20Family%20and%20Cosmetic%20Dentistry%2033613%20Tampa%20FL,https://www.ismiletampa.com/,Poor/Outdated Website,Slow page load time (6.9s),,,Public Web Search,70,+35: Poor/Outdated Website (Redesign Target) | +20: Independent Local Practice | +15: Public Phone Number Available,New,Scraped via Public Web Search,https://dentist-portfolio-website.vercel.app/?practice=Dentist+in+Tampa+FL%2C+Family+and+Cosmetic+Dentistry+33613&doctor=Doctor&city=Tampa%2C+FL&phone=813-988-9276,"Quick question about Dentist in Tampa FL, Family and Cosmetic Dentistry 33613's website","Hi Doctor,

I was reviewing dental clinics in Tampa and stopped by Dentist in Tampa FL, Family and Cosmetic Dentistry 33613's website. 

While analyzing your site, I noticed a few technical issues that might be costing you potential patient bookings:
(Slow page load time (6.9s))

I created a modern, ultra-responsive website redesign concept tailored specifically for Dentist in Tampa FL, Family and Cosmetic Dentistry 33613:

👉 View Your Redesign Demo: https://dentist-portfolio-website.vercel.app/?practice=Dentist+in+Tampa+FL%2C+Family+and+Cosmetic+Dentistry+33613&doctor=Doctor&city=Tampa%2C+FL&phone=813-988-9276

It includes an interactive smile makeover gallery and seamless online booking. 

Would you be open to a 5-minute chat to see how this redesign can increase your monthly patient bookings?

Best regards,
Hari Om
Web Design & Growth Partner for Dental Practices
","Hi Doctor! I reviewed Dentist in Tampa FL, Family and Cosmetic Dentistry 33613's website and created a modern mobile redesign concept for your clinic: https://dentist-portfolio-website.vercel.app/?practice=Dentist+in+Tampa+FL%2C+Family+and+Cosmetic+Dentistry+33613&doctor=Doctor&city=Tampa%2C+FL&phone=813-988-9276 — Take a look and let me know your thoughts!"
"Dentistry in New Tampa, Fl",N/A (Public record not listed),Cosmetic Dentistry,,N/A (Not publicly listed),"Tampa, FL",Tampa,FL,USA,https://www.google.com/maps/search/?api=1&query=Dentistry%20in%20New%20Tampa%2C%20Fl%20Tampa%20FL,https://newtampasmile.com/,No Website,Domain Inaccessible / Connection Refused,,,Public Web Search,70,+50: No Website (Primary Target) | +20: Independent Local Practice,New,Scraped via Public Web Search,https://dentist-portfolio-website.vercel.app/?practice=Dentistry+in+New+Tampa%2C+Fl&doctor=Doctor&city=Tampa%2C+FL&phone=nan,"Website concept built for Dentistry in New Tampa, Fl (Tampa)","Hi Doctor,

I was looking up top-rated dental practices in Tampa and came across Dentistry in New Tampa, Fl. I noticed you have great reviews, but patients searching online can't find an official website to view your services or book an appointment.

Since over 70% of new patients choose a dentist online, I took the liberty of creating a personalized, mobile-friendly website demo built specifically for Dentistry in New Tampa, Fl:

👉 View Your Live Practice Demo: https://dentist-portfolio-website.vercel.app/?practice=Dentistry+in+New+Tampa%2C+Fl&doctor=Doctor&city=Tampa%2C+FL&phone=nan

It includes an online appointment booking system, 3D smile transformation gallery, and 24/7 emergency hotline callouts. 

If you like how it looks, we can put this live on your custom domain in under 48 hours. Are you available for a quick 5-minute call this week?

Best regards,
Hari Om
Web Design & Growth Partner for Dental Practices
","Hi Doctor! I noticed Dentistry in New Tampa, Fl in Tampa doesn't have a website listed online. I built a custom mobile demo site for your practice here: https://dentist-portfolio-website.vercel.app/?practice=Dentistry+in+New+Tampa%2C+Fl&doctor=Doctor&city=Tampa%2C+FL&phone=nan — Let me know if you'd like to put this live!"
Tampa Bay Dentist,N/A (Public record not listed),General Dentistry,,N/A (Not publicly listed),"Tampa, FL",Tampa,FL,USA,https://www.google.com/maps/search/?api=1&query=Tampa%20Bay%20Dentist%20Tampa%20FL,https://tampabayfamilydentist.com/,No Website,Domain Inaccessible / Connection Refused,,,Public Web Search,70,+50: No Website (Primary Target) | +20: Independent Local Practice,New,Scraped via Public Web Search,https://dentist-portfolio-website.vercel.app/?practice=Tampa+Bay+Dentist&doctor=Doctor&city=Tampa%2C+FL&phone=nan,Website concept built for Tampa Bay Dentist (Tampa),"Hi Doctor,

I was looking up top-rated dental practices in Tampa and came across Tampa Bay Dentist. I noticed you have great reviews, but patients searching online can't find an official website to view your services or book an appointment.

Since over 70% of new patients choose a dentist online, I took the liberty of creating a personalized, mobile-friendly website demo built specifically for Tampa Bay Dentist:

👉 View Your Live Practice Demo: https://dentist-portfolio-website.vercel.app/?practice=Tampa+Bay+Dentist&doctor=Doctor&city=Tampa%2C+FL&phone=nan

It includes an online appointment booking system, 3D smile transformation gallery, and 24/7 emergency hotline callouts. 

If you like how it looks, we can put this live on your custom domain in under 48 hours. Are you available for a quick 5-minute call this week?

Best regards,
Hari Om
Web Design & Growth Partner for Dental Practices
",Hi Doctor! I noticed Tampa Bay Dentist in Tampa doesn't have a website listed online. I built a custom mobile demo site for your practice here: https://dentist-portfolio-website.vercel.app/?practice=Tampa+Bay+Dentist&doctor=Doctor&city=Tampa%2C+FL&phone=nan — Let me know if you'd like to put this live!
Seminole Heights Family Dentistry,N/A (Public record not listed),Pediatric Dentistry,,N/A (Not publicly listed),"Tampa, FL",Tampa,FL,USA,https://www.google.com/maps/search/?api=1&query=Seminole%20Heights%20Family%20Dentistry%20Tampa%20FL,https://www.sh-dentist.com/,No Website,Domain Inaccessible / Connection Refused,,,Public Web Search,70,+50: No Website (Primary Target) | +20: Independent Local Practice,New,Scraped via Public Web Search,https://dentist-portfolio-website.vercel.app/?practice=Seminole+Heights+Family+Dentistry&doctor=Doctor&city=Tampa%2C+FL&phone=nan,Website concept built for Seminole Heights Family Dentistry (Tampa),"Hi Doctor,

I was looking up top-rated dental practices in Tampa and came across Seminole Heights Family Dentistry. I noticed you have great reviews, but patients searching online can't find an official website to view your services or book an appointment.

Since over 70% of new patients choose a dentist online, I took the liberty of creating a personalized, mobile-friendly website demo built specifically for Seminole Heights Family Dentistry:

👉 View Your Live Practice Demo: https://dentist-portfolio-website.vercel.app/?practice=Seminole+Heights+Family+Dentistry&doctor=Doctor&city=Tampa%2C+FL&phone=nan

It includes an online appointment booking system, 3D smile transformation gallery, and 24/7 emergency hotline callouts. 

If you like how it looks, we can put this live on your custom domain in under 48 hours. Are you available for a quick 5-minute call this week?

Best regards,
Hari Om
Web Design & Growth Partner for Dental Practices
",Hi Doctor! I noticed Seminole Heights Family Dentistry in Tampa doesn't have a website listed online. I built a custom mobile demo site for your practice here: https://dentist-portfolio-website.vercel.app/?practice=Seminole+Heights+Family+Dentistry&doctor=Doctor&city=Tampa%2C+FL&phone=nan — Let me know if you'd like to put this live!
"Family Dentistry North Tampa, FL",N/A (Public record not listed),Pediatric Dentistry,,N/A (Not publicly listed),"Tampa, FL",Tampa,FL,USA,https://www.google.com/maps/search/?api=1&query=Family%20Dentistry%20North%20Tampa%2C%20FL%20Tampa%20FL,https://northtampafamilydental.com/services/family-dentistry/,No Website,Domain Inaccessible / Connection Refused,,,Public Web Search,70,+50: No Website (Primary Target) | +20: Independent Local Practice,New,Scraped via Public Web Search,https://dentist-portfolio-website.vercel.app/?practice=Family+Dentistry+North+Tampa%2C+FL&doctor=Doctor&city=Tampa%2C+FL&phone=nan,"Website concept built for Family Dentistry North Tampa, FL (Tampa)","Hi Doctor,

I was looking up top-rated dental practices in Tampa and came across Family Dentistry North Tampa, FL. I noticed you have great reviews, but patients searching online can't find an official website to view your services or book an appointment.

Since over 70% of new patients choose a dentist online, I took the liberty of creating a personalized, mobile-friendly website demo built specifically for Family Dentistry North Tampa, FL:

👉 View Your Live Practice Demo: https://dentist-portfolio-website.vercel.app/?practice=Family+Dentistry+North+Tampa%2C+FL&doctor=Doctor&city=Tampa%2C+FL&phone=nan

It includes an online appointment booking system, 3D smile transformation gallery, and 24/7 emergency hotline callouts. 

If you like how it looks, we can put this live on your custom domain in under 48 hours. Are you available for a quick 5-minute call this week?

Best regards,
Hari Om
Web Design & Growth Partner for Dental Practices
","Hi Doctor! I noticed Family Dentistry North Tampa, FL in Tampa doesn't have a website listed online. I built a custom mobile demo site for your practice here: https://dentist-portfolio-website.vercel.app/?practice=Family+Dentistry+North+Tampa%2C+FL&doctor=Doctor&city=Tampa%2C+FL&phone=nan — Let me know if you'd like to put this live!"
Tampa Family Dentistry,N/A (Public record not listed),General Dentistry,,N/A (Not publicly listed),"Tampa, FL",Tampa,FL,USA,https://www.google.com/maps/search/?api=1&query=Tampa%20Family%20Dentistry%20Tampa%20FL,https://mynewtampadentist.com/,No Website,Domain Inaccessible / Connection Refused,,,Public Web Search,70,+50: No Website (Primary Target) | +20: Independent Local Practice,New,Scraped via Public Web Search,https://dentist-portfolio-website.vercel.app/?practice=Tampa+Family+Dentistry&doctor=Doctor&city=Tampa%2C+FL&phone=nan,Website concept built for Tampa Family Dentistry (Tampa),"Hi Doctor,

I was looking up top-rated dental practices in Tampa and came across Tampa Family Dentistry. I noticed you have great reviews, but patients searching online can't find an official website to view your services or book an appointment.

Since over 70% of new patients choose a dentist online, I took the liberty of creating a personalized, mobile-friendly website demo built specifically for Tampa Family Dentistry:

👉 View Your Live Practice Demo: https://dentist-portfolio-website.vercel.app/?practice=Tampa+Family+Dentistry&doctor=Doctor&city=Tampa%2C+FL&phone=nan

It includes an online appointment booking system, 3D smile transformation gallery, and 24/7 emergency hotline callouts. 

If you like how it looks, we can put this live on your custom domain in under 48 hours. Are you available for a quick 5-minute call this week?

Best regards,
Hari Om
Web Design & Growth Partner for Dental Practices
",Hi Doctor! I noticed Tampa Family Dentistry in Tampa doesn't have a website listed online. I built a custom mobile demo site for your practice here: https://dentist-portfolio-website.vercel.app/?practice=Tampa+Family+Dentistry&doctor=Doctor&city=Tampa%2C+FL&phone=nan — Let me know if you'd like to put this live!
Tampa: Family Dental Practices,N/A (Public record not listed),General Dentistry,,N/A (Not publicly listed),"Tampa, FL",Tampa,FL,USA,https://www.google.com/maps/search/?api=1&query=Tampa%3A%20Family%20Dental%20Practices%20Tampa%20FL,https://fun4tampakids.com/Health-Resources/Family-Dental-Practices/,No Website,Domain Inaccessible / Connection Refused,,,Public Web Search,70,+50: No Website (Primary Target) | +20: Independent Local Practice,New,Scraped via Public Web Search,https://dentist-portfolio-website.vercel.app/?practice=Tampa%3A+Family+Dental+Practices&doctor=Doctor&city=Tampa%2C+FL&phone=nan,Website concept built for Tampa: Family Dental Practices (Tampa),"Hi Doctor,

I was looking up top-rated dental practices in Tampa and came across Tampa: Family Dental Practices. I noticed you have great reviews, but patients searching online can't find an official website to view your services or book an appointment.

Since over 70% of new patients choose a dentist online, I took the liberty of creating a personalized, mobile-friendly website demo built specifically for Tampa: Family Dental Practices:

👉 View Your Live Practice Demo: https://dentist-portfolio-website.vercel.app/?practice=Tampa%3A+Family+Dental+Practices&doctor=Doctor&city=Tampa%2C+FL&phone=nan

It includes an online appointment booking system, 3D smile transformation gallery, and 24/7 emergency hotline callouts. 

If you like how it looks, we can put this live on your custom domain in under 48 hours. Are you available for a quick 5-minute call this week?

Best regards,
Hari Om
Web Design & Growth Partner for Dental Practices
",Hi Doctor! I noticed Tampa: Family Dental Practices in Tampa doesn't have a website listed online. I built a custom mobile demo site for your practice here: https://dentist-portfolio-website.vercel.app/?practice=Tampa%3A+Family+Dental+Practices&doctor=Doctor&city=Tampa%2C+FL&phone=nan — Let me know if you'd like to put this live!
Christine Grant,N/A (Public record not listed),General Dentistry,,N/A (Not publicly listed),"West Swann Avenue, Tampa, FL 33606",Tampa,FL,USA,https://www.google.com/maps/search/?api=1&query=Christine%20Grant%20Tampa%20FL,https://www.christinegrantdmd.com/,No Website,Domain Inaccessible / Connection Refused,,,OpenStreetMap Registry,70,+50: No Website (Primary Target) | +20: Independent Local Practice,New,Scraped via OpenStreetMap Registry,https://dentist-portfolio-website.vercel.app/?practice=Christine+Grant&doctor=Doctor&city=Tampa%2C+FL&phone=nan,Website concept built for Christine Grant (Tampa),"Hi Doctor,

I was looking up top-rated dental practices in Tampa and came across Christine Grant. I noticed you have great reviews, but patients searching online can't find an official website to view your services or book an appointment.

Since over 70% of new patients choose a dentist online, I took the liberty of creating a personalized, mobile-friendly website demo built specifically for Christine Grant:

👉 View Your Live Practice Demo: https://dentist-portfolio-website.vercel.app/?practice=Christine+Grant&doctor=Doctor&city=Tampa%2C+FL&phone=nan

It includes an online appointment booking system, 3D smile transformation gallery, and 24/7 emergency hotline callouts. 

If you like how it looks, we can put this live on your custom domain in under 48 hours. Are you available for a quick 5-minute call this week?

Best regards,
Hari Om
Web Design & Growth Partner for Dental Practices
",Hi Doctor! I noticed Christine Grant in Tampa doesn't have a website listed online. I built a custom mobile demo site for your practice here: https://dentist-portfolio-website.vercel.app/?practice=Christine+Grant&doctor=Doctor&city=Tampa%2C+FL&phone=nan — Let me know if you'd like to put this live!
Top Orthodontist,N/A (Public record not listed),Orthodontics,,N/A (Not publicly listed),"Tampa, FL",Tampa,FL,USA,https://www.google.com/maps/search/?api=1&query=Top%20Orthodontist%20Tampa%20FL,https://bluewaveortho.com/,No Website,Domain Inaccessible / Connection Refused,,,Public Web Search,70,+50: No Website (Primary Target) | +20: Independent Local Practice,New,Scraped via Public Web Search,https://dentist-portfolio-website.vercel.app/?practice=Top+Orthodontist&doctor=Doctor&city=Tampa%2C+FL&phone=nan,Website concept built for Top Orthodontist (Tampa),"Hi Doctor,

I was looking up top-rated dental practices in Tampa and came across Top Orthodontist. I noticed you have great reviews, but patients searching online can't find an official website to view your services or book an appointment.

Since over 70% of new patients choose a dentist online, I took the liberty of creating a personalized, mobile-friendly website demo built specifically for Top Orthodontist:

👉 View Your Live Practice Demo: https://dentist-portfolio-website.vercel.app/?practice=Top+Orthodontist&doctor=Doctor&city=Tampa%2C+FL&phone=nan

It includes an online appointment booking system, 3D smile transformation gallery, and 24/7 emergency hotline callouts. 

If you like how it looks, we can put this live on your custom domain in under 48 hours. Are you available for a quick 5-minute call this week?

Best regards,
Hari Om
Web Design & Growth Partner for Dental Practices
",Hi Doctor! I noticed Top Orthodontist in Tampa doesn't have a website listed online. I built a custom mobile demo site for your practice here: https://dentist-portfolio-website.vercel.app/?practice=Top+Orthodontist&doctor=Doctor&city=Tampa%2C+FL&phone=nan — Let me know if you'd like to put this live!
Generations Cosmetic and Family Dentistry,N/A (Public record not listed),Cosmetic Dentistry,,N/A (Not publicly listed),"West Cypress Street, Tampa, FL 33609",Tampa,FL,USA,https://www.google.com/maps/search/?api=1&query=Generations%20Cosmetic%20and%20Family%20Dentistry%20Tampa%20FL,https://gendentistry.com/,No Website,Domain Inaccessible / Connection Refused,,,OpenStreetMap Registry,70,+50: No Website (Primary Target) | +20: Independent Local Practice,New,Scraped via OpenStreetMap Registry,https://dentist-portfolio-website.vercel.app/?practice=Generations+Cosmetic+and+Family+Dentistry&doctor=Doctor&city=Tampa%2C+FL&phone=nan,Website concept built for Generations Cosmetic and Family Dentistry (Tampa),"Hi Doctor,

I was looking up top-rated dental practices in Tampa and came across Generations Cosmetic and Family Dentistry. I noticed you have great reviews, but patients searching online can't find an official website to view your services or book an appointment.

Since over 70% of new patients choose a dentist online, I took the liberty of creating a personalized, mobile-friendly website demo built specifically for Generations Cosmetic and Family Dentistry:

👉 View Your Live Practice Demo: https://dentist-portfolio-website.vercel.app/?practice=Generations+Cosmetic+and+Family+Dentistry&doctor=Doctor&city=Tampa%2C+FL&phone=nan

It includes an online appointment booking system, 3D smile transformation gallery, and 24/7 emergency hotline callouts. 

If you like how it looks, we can put this live on your custom domain in under 48 hours. Are you available for a quick 5-minute call this week?

Best regards,
Hari Om
Web Design & Growth Partner for Dental Practices
",Hi Doctor! I noticed Generations Cosmetic and Family Dentistry in Tampa doesn't have a website listed online. I built a custom mobile demo site for your practice here: https://dentist-portfolio-website.vercel.app/?practice=Generations+Cosmetic+and+Family+Dentistry&doctor=Doctor&city=Tampa%2C+FL&phone=nan — Let me know if you'd like to put this live!
"Orthodontist in Tampa, FL",N/A (Public record not listed),Orthodontics,,N/A (Not publicly listed),"Tampa, FL",Tampa,FL,USA,https://www.google.com/maps/search/?api=1&query=Orthodontist%20in%20Tampa%2C%20FL%20Tampa%20FL,https://www.brightnow.com/dental-office/tampa-dentist/21220/orthodontist-service-tampa-fl/,No Website,Domain Inaccessible / Connection Refused,,,Public Web Search,70,+50: No Website (Primary Target) | +20: Independent Local Practice,New,Scraped via Public Web Search,https://dentist-portfolio-website.vercel.app/?practice=Orthodontist+in+Tampa%2C+FL&doctor=Doctor&city=Tampa%2C+FL&phone=nan,"Website concept built for Orthodontist in Tampa, FL (Tampa)","Hi Doctor,

I was looking up top-rated dental practices in Tampa and came across Orthodontist in Tampa, FL. I noticed you have great reviews, but patients searching online can't find an official website to view your services or book an appointment.

Since over 70% of new patients choose a dentist online, I took the liberty of creating a personalized, mobile-friendly website demo built specifically for Orthodontist in Tampa, FL:

👉 View Your Live Practice Demo: https://dentist-portfolio-website.vercel.app/?practice=Orthodontist+in+Tampa%2C+FL&doctor=Doctor&city=Tampa%2C+FL&phone=nan

It includes an online appointment booking system, 3D smile transformation gallery, and 24/7 emergency hotline callouts. 

If you like how it looks, we can put this live on your custom domain in under 48 hours. Are you available for a quick 5-minute call this week?

Best regards,
Hari Om
Web Design & Growth Partner for Dental Practices
","Hi Doctor! I noticed Orthodontist in Tampa, FL in Tampa doesn't have a website listed online. I built a custom mobile demo site for your practice here: https://dentist-portfolio-website.vercel.app/?practice=Orthodontist+in+Tampa%2C+FL&doctor=Doctor&city=Tampa%2C+FL&phone=nan — Let me know if you'd like to put this live!"
"Book 100+ of the best Dentists near me in Tampa, FL",Dr. Masroor Shariff,General Dentistry,,N/A (Not publicly listed),"Tampa, FL",Tampa,FL,USA,https://www.google.com/maps/search/?api=1&query=Book%20100%2B%20of%20the%20best%20Dentists%20near%20me%20in%20Tampa%2C%20FL%20Tampa%20FL,https://www.zocdoc.com/dentists/tampa-225563pm,Poor/Outdated Website,HTTP Error Status 403,,,Public Web Search,65,+35: Poor/Outdated Website (Redesign Target) | +20: Independent Local Practice | +10: Doctor Identified (Dr. Masroor Shariff),New,Scraped via Public Web Search,https://dentist-portfolio-website.vercel.app/?practice=Book+100%2B+of+the+best+Dentists+near+me+in+Tampa%2C+FL&doctor=Dr.+Masroor+Shariff&city=Tampa%2C+FL&phone=nan,"Quick question about Book 100+ of the best Dentists near me in Tampa, FL's website","Hi Dr. Masroor Shariff,

I was reviewing dental clinics in Tampa and stopped by Book 100+ of the best Dentists near me in Tampa, FL's website. 

While analyzing your site, I noticed a few technical issues that might be costing you potential patient bookings:
(HTTP Error Status 403)

I created a modern, ultra-responsive website redesign concept tailored specifically for Book 100+ of the best Dentists near me in Tampa, FL:

👉 View Your Redesign Demo: https://dentist-portfolio-website.vercel.app/?practice=Book+100%2B+of+the+best+Dentists+near+me+in+Tampa%2C+FL&doctor=Dr.+Masroor+Shariff&city=Tampa%2C+FL&phone=nan

It includes an interactive smile makeover gallery and seamless online booking. 

Would you be open to a 5-minute chat to see how this redesign can increase your monthly patient bookings?

Best regards,
Hari Om
Web Design & Growth Partner for Dental Practices
","Hi Dr. Masroor Shariff! I reviewed Book 100+ of the best Dentists near me in Tampa, FL's website and created a modern mobile redesign concept for your clinic: https://dentist-portfolio-website.vercel.app/?practice=Book+100%2B+of+the+best+Dentists+near+me+in+Tampa%2C+FL&doctor=Dr.+Masroor+Shariff&city=Tampa%2C+FL&phone=nan — Take a look and let me know your thoughts!"
Orthodontist Tampa FL,Dr. William Marsh of Marsh Orthodontics is your Tampa,Orthodontics,,N/A (Not publicly listed),"Tampa, FL",Tampa,FL,USA,https://www.google.com/maps/search/?api=1&query=Orthodontist%20Tampa%20FL%20Tampa%20FL,https://www.marshsmiles.com/,Poor/Outdated Website,SSL/TLS Security Certificate Error,,,Public Web Search,65,+35: Poor/Outdated Website (Redesign Target) | +20: Independent Local Practice | +10: Doctor Identified (Dr. William Marsh of Marsh Orthodontics is your Tampa),New,Scraped via Public Web Search,https://dentist-portfolio-website.vercel.app/?practice=Orthodontist+Tampa+FL&doctor=Dr.+William+Marsh+of+Marsh+Orthodontics+is+your+Tampa&city=Tampa%2C+FL&phone=nan,Quick question about Orthodontist Tampa FL's website,"Hi Dr. William Marsh of Marsh Orthodontics is your Tampa,

I was reviewing dental clinics in Tampa and stopped by Orthodontist Tampa FL's website. 

While analyzing your site, I noticed a few technical issues that might be costing you potential patient bookings:
(SSL/TLS Security Certificate Error)

I created a modern, ultra-responsive website redesign concept tailored specifically for Orthodontist Tampa FL:

👉 View Your Redesign Demo: https://dentist-portfolio-website.vercel.app/?practice=Orthodontist+Tampa+FL&doctor=Dr.+William+Marsh+of+Marsh+Orthodontics+is+your+Tampa&city=Tampa%2C+FL&phone=nan

It includes an interactive smile makeover gallery and seamless online booking. 

Would you be open to a 5-minute chat to see how this redesign can increase your monthly patient bookings?

Best regards,
Hari Om
Web Design & Growth Partner for Dental Practices
",Hi Dr. William Marsh of Marsh Orthodontics is your Tampa! I reviewed Orthodontist Tampa FL's website and created a modern mobile redesign concept for your clinic: https://dentist-portfolio-website.vercel.app/?practice=Orthodontist+Tampa+FL&doctor=Dr.+William+Marsh+of+Marsh+Orthodontics+is+your+Tampa&city=Tampa%2C+FL&phone=nan — Take a look and let me know your thoughts!
"General & Cosmetic Dentist in Tampa, FL",Dr. Fadi Raffoul,Cosmetic Dentistry,,N/A (Not publicly listed),"Tampa, FL",Tampa,FL,USA,https://www.google.com/maps/search/?api=1&query=General%20%26%20Cosmetic%20Dentist%20in%20Tampa%2C%20FL%20Tampa%20FL,https://tampapalmsdentistry.com/,Poor/Outdated Website,Slow page load time (8.0s),,,Public Web Search,65,+35: Poor/Outdated Website (Redesign Target) | +20: Independent Local Practice | +10: Doctor Identified (Dr. Fadi Raffoul),New,Scraped via Public Web Search,https://dentist-portfolio-website.vercel.app/?practice=General+%26+Cosmetic+Dentist+in+Tampa%2C+FL&doctor=Dr.+Fadi+Raffoul&city=Tampa%2C+FL&phone=nan,"Quick question about General & Cosmetic Dentist in Tampa, FL's website","Hi Dr. Fadi Raffoul,

I was reviewing dental clinics in Tampa and stopped by General & Cosmetic Dentist in Tampa, FL's website. 

While analyzing your site, I noticed a few technical issues that might be costing you potential patient bookings:
(Slow page load time (8.0s))

I created a modern, ultra-responsive website redesign concept tailored specifically for General & Cosmetic Dentist in Tampa, FL:

👉 View Your Redesign Demo: https://dentist-portfolio-website.vercel.app/?practice=General+%26+Cosmetic+Dentist+in+Tampa%2C+FL&doctor=Dr.+Fadi+Raffoul&city=Tampa%2C+FL&phone=nan

It includes an interactive smile makeover gallery and seamless online booking. 

Would you be open to a 5-minute chat to see how this redesign can increase your monthly patient bookings?

Best regards,
Hari Om
Web Design & Growth Partner for Dental Practices
","Hi Dr. Fadi Raffoul! I reviewed General & Cosmetic Dentist in Tampa, FL's website and created a modern mobile redesign concept for your clinic: https://dentist-portfolio-website.vercel.app/?practice=General+%26+Cosmetic+Dentist+in+Tampa%2C+FL&doctor=Dr.+Fadi+Raffoul&city=Tampa%2C+FL&phone=nan — Take a look and let me know your thoughts!"
"Dentist, Tampa — Tomlinson Dental, Tampa Florida",Dr. Tomlinson provides prosthodontic dental services,Cosmetic Dentistry,,N/A (Not publicly listed),"Tampa, FL",Tampa,FL,USA,https://www.google.com/maps/search/?api=1&query=Dentist%2C%20Tampa%20%E2%80%94%20Tomlinson%20Dental%2C%20Tampa%20Florida%20Tampa%20FL,https://www.tomlinsondentalcare.com/,Poor/Outdated Website,HTTP Error Status 403,,,Public Web Search,65,+35: Poor/Outdated Website (Redesign Target) | +20: Independent Local Practice | +10: Doctor Identified (Dr. Tomlinson provides prosthodontic dental services),New,Scraped via Public Web Search,https://dentist-portfolio-website.vercel.app/?practice=Dentist%2C+Tampa+%E2%80%94+Tomlinson+Dental%2C+Tampa+Florida&doctor=Dr.+Tomlinson+provides+prosthodontic+dental+services&city=Tampa%2C+FL&phone=nan,"Quick question about Dentist, Tampa — Tomlinson Dental, Tampa Florida's website","Hi Dr. Tomlinson provides prosthodontic dental services,

I was reviewing dental clinics in Tampa and stopped by Dentist, Tampa — Tomlinson Dental, Tampa Florida's website. 

While analyzing your site, I noticed a few technical issues that might be costing you potential patient bookings:
(HTTP Error Status 403)

I created a modern, ultra-responsive website redesign concept tailored specifically for Dentist, Tampa — Tomlinson Dental, Tampa Florida:

👉 View Your Redesign Demo: https://dentist-portfolio-website.vercel.app/?practice=Dentist%2C+Tampa+%E2%80%94+Tomlinson+Dental%2C+Tampa+Florida&doctor=Dr.+Tomlinson+provides+prosthodontic+dental+services&city=Tampa%2C+FL&phone=nan

It includes an interactive smile makeover gallery and seamless online booking. 

Would you be open to a 5-minute chat to see how this redesign can increase your monthly patient bookings?

Best regards,
Hari Om
Web Design & Growth Partner for Dental Practices
","Hi Dr. Tomlinson provides prosthodontic dental services! I reviewed Dentist, Tampa — Tomlinson Dental, Tampa Florida's website and created a modern mobile redesign concept for your clinic: https://dentist-portfolio-website.vercel.app/?practice=Dentist%2C+Tampa+%E2%80%94+Tomlinson+Dental%2C+Tampa+Florida&doctor=Dr.+Tomlinson+provides+prosthodontic+dental+services&city=Tampa%2C+FL&phone=nan — Take a look and let me know your thoughts!"
Dentist Tampa FL,Dr. Redd is your local dentist in Tampa,Cosmetic Dentistry,,N/A (Not publicly listed),"Tampa, FL",Tampa,FL,USA,https://www.google.com/maps/search/?api=1&query=Dentist%20Tampa%20FL%20Tampa%20FL,https://tampasmiles.com/,Poor/Outdated Website,Slow page load time (4.8s),,,Public Web Search,65,+35: Poor/Outdated Website (Redesign Target) | +20: Independent Local Practice | +10: Doctor Identified (Dr. Redd is your local dentist in Tampa),New,Scraped via Public Web Search,https://dentist-portfolio-website.vercel.app/?practice=Dentist+Tampa+FL&doctor=Dr.+Redd+is+your+local+dentist+in+Tampa&city=Tampa%2C+FL&phone=nan,Quick question about Dentist Tampa FL's website,"Hi Dr. Redd is your local dentist in Tampa,

I was reviewing dental clinics in Tampa and stopped by Dentist Tampa FL's website. 

While analyzing your site, I noticed a few technical issues that might be costing you potential patient bookings:
(Slow page load time (4.8s))

I created a modern, ultra-responsive website redesign concept tailored specifically for Dentist Tampa FL:

👉 View Your Redesign Demo: https://dentist-portfolio-website.vercel.app/?practice=Dentist+Tampa+FL&doctor=Dr.+Redd+is+your+local+dentist+in+Tampa&city=Tampa%2C+FL&phone=nan

It includes an interactive smile makeover gallery and seamless online booking. 

Would you be open to a 5-minute chat to see how this redesign can increase your monthly patient bookings?

Best regards,
Hari Om
Web Design & Growth Partner for Dental Practices
",Hi Dr. Redd is your local dentist in Tampa! I reviewed Dentist Tampa FL's website and created a modern mobile redesign concept for your clinic: https://dentist-portfolio-website.vercel.app/?practice=Dentist+Tampa+FL&doctor=Dr.+Redd+is+your+local+dentist+in+Tampa&city=Tampa%2C+FL&phone=nan — Take a look and let me know your thoughts!
"Tomlinson Dental, Tampa FL",Dr. Tomlinson provides prosthodontic dental services,Cosmetic Dentistry,,N/A (Not publicly listed),"Tampa, FL",Tampa,FL,USA,https://www.google.com/maps/search/?api=1&query=Tomlinson%20Dental%2C%20Tampa%20FL%20Tampa%20FL,https://www.tomlinsondentalcare.com/,Poor/Outdated Website,HTTP Error Status 403,,,Public Web Search,65,+35: Poor/Outdated Website (Redesign Target) | +20: Independent Local Practice | +10: Doctor Identified (Dr. Tomlinson provides prosthodontic dental services),New,Scraped via Public Web Search,https://dentist-portfolio-website.vercel.app/?practice=Tomlinson+Dental%2C+Tampa+FL&doctor=Dr.+Tomlinson+provides+prosthodontic+dental+services&city=Tampa%2C+FL&phone=nan,"Quick question about Tomlinson Dental, Tampa FL's website","Hi Dr. Tomlinson provides prosthodontic dental services,

I was reviewing dental clinics in Tampa and stopped by Tomlinson Dental, Tampa FL's website. 

While analyzing your site, I noticed a few technical issues that might be costing you potential patient bookings:
(HTTP Error Status 403)

I created a modern, ultra-responsive website redesign concept tailored specifically for Tomlinson Dental, Tampa FL:

👉 View Your Redesign Demo: https://dentist-portfolio-website.vercel.app/?practice=Tomlinson+Dental%2C+Tampa+FL&doctor=Dr.+Tomlinson+provides+prosthodontic+dental+services&city=Tampa%2C+FL&phone=nan

It includes an interactive smile makeover gallery and seamless online booking. 

Would you be open to a 5-minute chat to see how this redesign can increase your monthly patient bookings?

Best regards,
Hari Om
Web Design & Growth Partner for Dental Practices
","Hi Dr. Tomlinson provides prosthodontic dental services! I reviewed Tomlinson Dental, Tampa FL's website and created a modern mobile redesign concept for your clinic: https://dentist-portfolio-website.vercel.app/?practice=Tomlinson+Dental%2C+Tampa+FL&doctor=Dr.+Tomlinson+provides+prosthodontic+dental+services&city=Tampa%2C+FL&phone=nan — Take a look and let me know your thoughts!"
"Best Dentists Near Me in Tampa, Florida",N/A (Public record not listed),General Dentistry,,N/A (Not publicly listed),"Tampa, FL",Tampa,FL,USA,https://www.google.com/maps/search/?api=1&query=Best%20Dentists%20Near%20Me%20in%20Tampa%2C%20Florida%20Tampa%20FL,https://www.deltadental.com/member/find-a-dentist/florida/tampa-dentists/,Poor/Outdated Website,Slow page load time (9.0s),,,Public Web Search,55,+35: Poor/Outdated Website (Redesign Target) | +20: Independent Local Practice,New,Scraped via Public Web Search,https://dentist-portfolio-website.vercel.app/?practice=Best+Dentists+Near+Me+in+Tampa%2C+Florida&doctor=Doctor&city=Tampa%2C+FL&phone=nan,"Quick question about Best Dentists Near Me in Tampa, Florida's website","Hi Doctor,

I was reviewing dental clinics in Tampa and stopped by Best Dentists Near Me in Tampa, Florida's website. 

While analyzing your site, I noticed a few technical issues that might be costing you potential patient bookings:
(Slow page load time (9.0s))

I created a modern, ultra-responsive website redesign concept tailored specifically for Best Dentists Near Me in Tampa, Florida:

👉 View Your Redesign Demo: https://dentist-portfolio-website.vercel.app/?practice=Best+Dentists+Near+Me+in+Tampa%2C+Florida&doctor=Doctor&city=Tampa%2C+FL&phone=nan

It includes an interactive smile makeover gallery and seamless online booking. 

Would you be open to a 5-minute chat to see how this redesign can increase your monthly patient bookings?

Best regards,
Hari Om
Web Design & Growth Partner for Dental Practices
","Hi Doctor! I reviewed Best Dentists Near Me in Tampa, Florida's website and created a modern mobile redesign concept for your clinic: https://dentist-portfolio-website.vercel.app/?practice=Best+Dentists+Near+Me+in+Tampa%2C+Florida&doctor=Doctor&city=Tampa%2C+FL&phone=nan — Take a look and let me know your thoughts!"
Smiles Tampa,N/A (Public record not listed),General Dentistry,,N/A (Not publicly listed),"Tampa, FL",Tampa,FL,USA,https://www.google.com/maps/search/?api=1&query=Smiles%20Tampa%20Tampa%20FL,https://smiles-tampa.com/,Poor/Outdated Website,HTTP Error Status 503,,,Public Web Search,55,+35: Poor/Outdated Website (Redesign Target) | +20: Independent Local Practice,New,Scraped via Public Web Search,https://dentist-portfolio-website.vercel.app/?practice=Smiles+Tampa&doctor=Doctor&city=Tampa%2C+FL&phone=nan,Quick question about Smiles Tampa's website,"Hi Doctor,

I was reviewing dental clinics in Tampa and stopped by Smiles Tampa's website. 

While analyzing your site, I noticed a few technical issues that might be costing you potential patient bookings:
(HTTP Error Status 503)

I created a modern, ultra-responsive website redesign concept tailored specifically for Smiles Tampa:

👉 View Your Redesign Demo: https://dentist-portfolio-website.vercel.app/?practice=Smiles+Tampa&doctor=Doctor&city=Tampa%2C+FL&phone=nan

It includes an interactive smile makeover gallery and seamless online booking. 

Would you be open to a 5-minute chat to see how this redesign can increase your monthly patient bookings?

Best regards,
Hari Om
Web Design & Growth Partner for Dental Practices
",Hi Doctor! I reviewed Smiles Tampa's website and created a modern mobile redesign concept for your clinic: https://dentist-portfolio-website.vercel.app/?practice=Smiles+Tampa&doctor=Doctor&city=Tampa%2C+FL&phone=nan — Take a look and let me know your thoughts!
"Tampa, FL Orthodontics",N/A (Public record not listed),Orthodontics,,N/A (Not publicly listed),"Tampa, FL",Tampa,FL,USA,https://www.google.com/maps/search/?api=1&query=Tampa%2C%20FL%20Orthodontics%20Tampa%20FL,https://farinasmiles.com/,Poor/Outdated Website,HTTP Error Status 403,,,Public Web Search,55,+35: Poor/Outdated Website (Redesign Target) | +20: Independent Local Practice,New,Scraped via Public Web Search,https://dentist-portfolio-website.vercel.app/?practice=Tampa%2C+FL+Orthodontics&doctor=Doctor&city=Tampa%2C+FL&phone=nan,"Quick question about Tampa, FL Orthodontics's website","Hi Doctor,

I was reviewing dental clinics in Tampa and stopped by Tampa, FL Orthodontics's website. 

While analyzing your site, I noticed a few technical issues that might be costing you potential patient bookings:
(HTTP Error Status 403)

I created a modern, ultra-responsive website redesign concept tailored specifically for Tampa, FL Orthodontics:

👉 View Your Redesign Demo: https://dentist-portfolio-website.vercel.app/?practice=Tampa%2C+FL+Orthodontics&doctor=Doctor&city=Tampa%2C+FL&phone=nan

It includes an interactive smile makeover gallery and seamless online booking. 

Would you be open to a 5-minute chat to see how this redesign can increase your monthly patient bookings?

Best regards,
Hari Om
Web Design & Growth Partner for Dental Practices
","Hi Doctor! I reviewed Tampa, FL Orthodontics's website and created a modern mobile redesign concept for your clinic: https://dentist-portfolio-website.vercel.app/?practice=Tampa%2C+FL+Orthodontics&doctor=Doctor&city=Tampa%2C+FL&phone=nan — Take a look and let me know your thoughts!"
Tampa Advanced Dental Solutions,N/A (Public record not listed),Oral Surgery,,N/A (Not publicly listed),"Tampa, FL",Tampa,FL,USA,https://www.google.com/maps/search/?api=1&query=Tampa%20Advanced%20Dental%20Solutions%20Tampa%20FL,https://www.tampasmiles.net/,Poor/Outdated Website,SSL/TLS Security Certificate Error,,,Public Web Search,55,+35: Poor/Outdated Website (Redesign Target) | +20: Independent Local Practice,New,Scraped via Public Web Search,https://dentist-portfolio-website.vercel.app/?practice=Tampa+Advanced+Dental+Solutions&doctor=Doctor&city=Tampa%2C+FL&phone=nan,Quick question about Tampa Advanced Dental Solutions's website,"Hi Doctor,

I was reviewing dental clinics in Tampa and stopped by Tampa Advanced Dental Solutions's website. 

While analyzing your site, I noticed a few technical issues that might be costing you potential patient bookings:
(SSL/TLS Security Certificate Error)

I created a modern, ultra-responsive website redesign concept tailored specifically for Tampa Advanced Dental Solutions:

👉 View Your Redesign Demo: https://dentist-portfolio-website.vercel.app/?practice=Tampa+Advanced+Dental+Solutions&doctor=Doctor&city=Tampa%2C+FL&phone=nan

It includes an interactive smile makeover gallery and seamless online booking. 

Would you be open to a 5-minute chat to see how this redesign can increase your monthly patient bookings?

Best regards,
Hari Om
Web Design & Growth Partner for Dental Practices
",Hi Doctor! I reviewed Tampa Advanced Dental Solutions's website and created a modern mobile redesign concept for your clinic: https://dentist-portfolio-website.vercel.app/?practice=Tampa+Advanced+Dental+Solutions&doctor=Doctor&city=Tampa%2C+FL&phone=nan — Take a look and let me know your thoughts!
"Tampa Orthodontics Near Me: Braces in Tampa, FL",N/A (Public record not listed),Orthodontics,,N/A (Not publicly listed),"Tampa, FL",Tampa,FL,USA,https://www.google.com/maps/search/?api=1&query=Tampa%20Orthodontics%20Near%20Me%3A%20Braces%20in%20Tampa%2C%20FL%20Tampa%20FL,https://www.coastdental.com/dentist-office/dentist-tampa/orthodontist-tampa,Poor/Outdated Website,Slow page load time (663.7s),,,Public Web Search,55,+35: Poor/Outdated Website (Redesign Target) | +20: Independent Local Practice,New,Scraped via Public Web Search,https://dentist-portfolio-website.vercel.app/?practice=Tampa+Orthodontics+Near+Me%3A+Braces+in+Tampa%2C+FL&doctor=Doctor&city=Tampa%2C+FL&phone=nan,"Quick question about Tampa Orthodontics Near Me: Braces in Tampa, FL's website","Hi Doctor,

I was reviewing dental clinics in Tampa and stopped by Tampa Orthodontics Near Me: Braces in Tampa, FL's website. 

While analyzing your site, I noticed a few technical issues that might be costing you potential patient bookings:
(Slow page load time (663.7s))

I created a modern, ultra-responsive website redesign concept tailored specifically for Tampa Orthodontics Near Me: Braces in Tampa, FL:

👉 View Your Redesign Demo: https://dentist-portfolio-website.vercel.app/?practice=Tampa+Orthodontics+Near+Me%3A+Braces+in+Tampa%2C+FL&doctor=Doctor&city=Tampa%2C+FL&phone=nan

It includes an interactive smile makeover gallery and seamless online booking. 

Would you be open to a 5-minute chat to see how this redesign can increase your monthly patient bookings?

Best regards,
Hari Om
Web Design & Growth Partner for Dental Practices
","Hi Doctor! I reviewed Tampa Orthodontics Near Me: Braces in Tampa, FL's website and created a modern mobile redesign concept for your clinic: https://dentist-portfolio-website.vercel.app/?practice=Tampa+Orthodontics+Near+Me%3A+Braces+in+Tampa%2C+FL&doctor=Doctor&city=Tampa%2C+FL&phone=nan — Take a look and let me know your thoughts!"
Dental Office of Tampa Home,N/A (Public record not listed),General Dentistry,,N/A (Not publicly listed),"Tampa, FL",Tampa,FL,USA,https://www.google.com/maps/search/?api=1&query=Dental%20Office%20of%20Tampa%20Home%20Tampa%20FL,https://www.dentalofficeoftampa.com/,Poor/Outdated Website,Slow page load time (4.1s),,,Public Web Search,55,+35: Poor/Outdated Website (Redesign Target) | +20: Independent Local Practice,New,Scraped via Public Web Search,https://dentist-portfolio-website.vercel.app/?practice=Dental+Office+of+Tampa+Home&doctor=Doctor&city=Tampa%2C+FL&phone=nan,Quick question about Dental Office of Tampa Home's website,"Hi Doctor,

I was reviewing dental clinics in Tampa and stopped by Dental Office of Tampa Home's website. 

While analyzing your site, I noticed a few technical issues that might be costing you potential patient bookings:
(Slow page load time (4.1s))

I created a modern, ultra-responsive website redesign concept tailored specifically for Dental Office of Tampa Home:

👉 View Your Redesign Demo: https://dentist-portfolio-website.vercel.app/?practice=Dental+Office+of+Tampa+Home&doctor=Doctor&city=Tampa%2C+FL&phone=nan

It includes an interactive smile makeover gallery and seamless online booking. 

Would you be open to a 5-minute chat to see how this redesign can increase your monthly patient bookings?

Best regards,
Hari Om
Web Design & Growth Partner for Dental Practices
",Hi Doctor! I reviewed Dental Office of Tampa Home's website and created a modern mobile redesign concept for your clinic: https://dentist-portfolio-website.vercel.app/?practice=Dental+Office+of+Tampa+Home&doctor=Doctor&city=Tampa%2C+FL&phone=nan — Take a look and let me know your thoughts!
Top Dentists List,N/A (Public record not listed),Oral Surgery,,N/A (Not publicly listed),"Tampa, FL",Tampa,FL,USA,https://www.google.com/maps/search/?api=1&query=Top%20Dentists%20List%20Tampa%20FL,https://tampamagazines.com/top-dentists-list/,Poor/Outdated Website,Slow page load time (7.4s),,,Public Web Search,55,+35: Poor/Outdated Website (Redesign Target) | +20: Independent Local Practice,New,Scraped via Public Web Search,https://dentist-portfolio-website.vercel.app/?practice=Top+Dentists+List&doctor=Doctor&city=Tampa%2C+FL&phone=nan,Quick question about Top Dentists List's website,"Hi Doctor,

I was reviewing dental clinics in Tampa and stopped by Top Dentists List's website. 

While analyzing your site, I noticed a few technical issues that might be costing you potential patient bookings:
(Slow page load time (7.4s))

I created a modern, ultra-responsive website redesign concept tailored specifically for Top Dentists List:

👉 View Your Redesign Demo: https://dentist-portfolio-website.vercel.app/?practice=Top+Dentists+List&doctor=Doctor&city=Tampa%2C+FL&phone=nan

It includes an interactive smile makeover gallery and seamless online booking. 

Would you be open to a 5-minute chat to see how this redesign can increase your monthly patient bookings?

Best regards,
Hari Om
Web Design & Growth Partner for Dental Practices
",Hi Doctor! I reviewed Top Dentists List's website and created a modern mobile redesign concept for your clinic: https://dentist-portfolio-website.vercel.app/?practice=Top+Dentists+List&doctor=Doctor&city=Tampa%2C+FL&phone=nan — Take a look and let me know your thoughts!
"Cosmetic Dentist Austin, TX",Dr. Mark Sweeney has been practicing as a cosmetic dentist since,Cosmetic Dentistry,512-329-5967,N/A (Not publicly listed),"Austin, TX",Austin,TX,USA,https://www.google.com/maps/search/?api=1&query=Cosmetic%20Dentist%20Austin%2C%20TX%20Austin%20TX,https://www.austindentalspa.com/cosmetic-dentist/dr-sweeney-austin-tx/,Poor/Outdated Website,Outdated copyright year (2013),,,Public Web Search,80,+35: Poor/Outdated Website (Redesign Target) | +20: Independent Local Practice | +15: Public Phone Number Available | +10: Doctor Identified (Dr. Mark Sweeney has been practicing as a cosmetic dentist since),New,Scraped via Public Web Search,https://dentist-portfolio-website.vercel.app/?practice=Cosmetic+Dentist+Austin%2C+TX&doctor=Dr.+Mark+Sweeney+has+been+practicing+as+a+cosmetic+dentist+since&city=Austin%2C+TX&phone=512-329-5967,"Quick question about Cosmetic Dentist Austin, TX's website","Hi Dr. Mark Sweeney has been practicing as a cosmetic dentist since,

I was reviewing dental clinics in Austin and stopped by Cosmetic Dentist Austin, TX's website. 

While analyzing your site, I noticed a few technical issues that might be costing you potential patient bookings:
(Outdated copyright year (2013))

I created a modern, ultra-responsive website redesign concept tailored specifically for Cosmetic Dentist Austin, TX:

👉 View Your Redesign Demo: https://dentist-portfolio-website.vercel.app/?practice=Cosmetic+Dentist+Austin%2C+TX&doctor=Dr.+Mark+Sweeney+has+been+practicing+as+a+cosmetic+dentist+since&city=Austin%2C+TX&phone=512-329-5967

It includes an interactive smile makeover gallery and seamless online booking. 

Would you be open to a 5-minute chat to see how this redesign can increase your monthly patient bookings?

Best regards,
Hari Om
Web Design & Growth Partner for Dental Practices
","Hi Dr. Mark Sweeney has been practicing as a cosmetic dentist since! I reviewed Cosmetic Dentist Austin, TX's website and created a modern mobile redesign concept for your clinic: https://dentist-portfolio-website.vercel.app/?practice=Cosmetic+Dentist+Austin%2C+TX&doctor=Dr.+Mark+Sweeney+has+been+practicing+as+a+cosmetic+dentist+since&city=Austin%2C+TX&phone=512-329-5967 — Take a look and let me know your thoughts!"
Austin Family Dentistry,Dr. Ramiro Ganesh and his dedicated team will always listen to your needs,Pediatric Dentistry,,N/A (Not publicly listed),"Austin, TX",Austin,TX,USA,https://www.google.com/maps/search/?api=1&query=Austin%20Family%20Dentistry%20Austin%20TX,https://www.micasafamilydentistry.com/,No Website,Dead/Parked Domain ('coming soon' found),,,Public Web Search,80,+50: No Website (Primary Target) | +20: Independent Local Practice | +10: Doctor Identified (Dr. Ramiro Ganesh and his dedicated team will always listen to your needs),New,Scraped via Public Web Search,https://dentist-portfolio-website.vercel.app/?practice=Austin+Family+Dentistry&doctor=Dr.+Ramiro+Ganesh+and+his+dedicated+team+will+always+listen+to+your+needs&city=Austin%2C+TX&phone=nan,Website concept built for Austin Family Dentistry (Austin),"Hi Dr. Ramiro Ganesh and his dedicated team will always listen to your needs,

I was looking up top-rated dental practices in Austin and came across Austin Family Dentistry. I noticed you have great reviews, but patients searching online can't find an official website to view your services or book an appointment.

Since over 70% of new patients choose a dentist online, I took the liberty of creating a personalized, mobile-friendly website demo built specifically for Austin Family Dentistry:

👉 View Your Live Practice Demo: https://dentist-portfolio-website.vercel.app/?practice=Austin+Family+Dentistry&doctor=Dr.+Ramiro+Ganesh+and+his+dedicated+team+will+always+listen+to+your+needs&city=Austin%2C+TX&phone=nan

It includes an online appointment booking system, 3D smile transformation gallery, and 24/7 emergency hotline callouts. 

If you like how it looks, we can put this live on your custom domain in under 48 hours. Are you available for a quick 5-minute call this week?

Best regards,
Hari Om
Web Design & Growth Partner for Dental Practices
",Hi Dr. Ramiro Ganesh and his dedicated team will always listen to your needs! I noticed Austin Family Dentistry in Austin doesn't have a website listed online. I built a custom mobile demo site for your practice here: https://dentist-portfolio-website.vercel.app/?practice=Austin+Family+Dentistry&doctor=Dr.+Ramiro+Ganesh+and+his+dedicated+team+will+always+listen+to+your+needs&city=Austin%2C+TX&phone=nan — Let me know if you'd like to put this live!
Austin Dentist,"Austin Dentist Logan Miller, DDS",Cosmetic Dentistry,512-458-3111,N/A (Not publicly listed),"Austin, TX",Austin,TX,USA,https://www.google.com/maps/search/?api=1&query=Austin%20Dentist%20Austin%20TX,https://northaustindentist.com/,Poor/Outdated Website,Slow page load time (6.1s),,,Public Web Search,80,"+35: Poor/Outdated Website (Redesign Target) | +20: Independent Local Practice | +15: Public Phone Number Available | +10: Doctor Identified (Austin Dentist Logan Miller, DDS)",New,Scraped via Public Web Search,https://dentist-portfolio-website.vercel.app/?practice=Austin+Dentist&doctor=Austin+Dentist+Logan+Miller%2C+DDS&city=Austin%2C+TX&phone=512-458-3111,Quick question about Austin Dentist's website,"Hi Austin Dentist Logan Miller, DDS,

I was reviewing dental clinics in Austin and stopped by Austin Dentist's website. 

While analyzing your site, I noticed a few technical issues that might be costing you potential patient bookings:
(Slow page load time (6.1s))

I created a modern, ultra-responsive website redesign concept tailored specifically for Austin Dentist:

👉 View Your Redesign Demo: https://dentist-portfolio-website.vercel.app/?practice=Austin+Dentist&doctor=Austin+Dentist+Logan+Miller%2C+DDS&city=Austin%2C+TX&phone=512-458-3111

It includes an interactive smile makeover gallery and seamless online booking. 

Would you be open to a 5-minute chat to see how this redesign can increase your monthly patient bookings?

Best regards,
Hari Om
Web Design & Growth Partner for Dental Practices
","Hi Austin Dentist Logan Miller, DDS! I reviewed Austin Dentist's website and created a modern mobile redesign concept for your clinic: https://dentist-portfolio-website.vercel.app/?practice=Austin+Dentist&doctor=Austin+Dentist+Logan+Miller%2C+DDS&city=Austin%2C+TX&phone=512-458-3111 — Take a look and let me know your thoughts!"
Home,N/A (Public record not listed),Cosmetic Dentistry,,N/A (Not publicly listed),"Austin, TX",Austin,TX,USA,https://www.google.com/maps/search/?api=1&query=Home%20Austin%20TX,https://austinfamilydentist.com/,No Website,Dead/Parked Domain ('coming soon' found),,,Public Web Search,70,+50: No Website (Primary Target) | +20: Independent Local Practice,New,Scraped via Public Web Search,https://dentist-portfolio-website.vercel.app/?practice=Home&doctor=Doctor&city=Austin%2C+TX&phone=nan,Website concept built for Home (Austin),"Hi Doctor,

I was looking up top-rated dental practices in Austin and came across Home. I noticed you have great reviews, but patients searching online can't find an official website to view your services or book an appointment.

Since over 70% of new patients choose a dentist online, I took the liberty of creating a personalized, mobile-friendly website demo built specifically for Home:

👉 View Your Live Practice Demo: https://dentist-portfolio-website.vercel.app/?practice=Home&doctor=Doctor&city=Austin%2C+TX&phone=nan

It includes an online appointment booking system, 3D smile transformation gallery, and 24/7 emergency hotline callouts. 

If you like how it looks, we can put this live on your custom domain in under 48 hours. Are you available for a quick 5-minute call this week?

Best regards,
Hari Om
Web Design & Growth Partner for Dental Practices
",Hi Doctor! I noticed Home in Austin doesn't have a website listed online. I built a custom mobile demo site for your practice here: https://dentist-portfolio-website.vercel.app/?practice=Home&doctor=Doctor&city=Austin%2C+TX&phone=nan — Let me know if you'd like to put this live!
"3 Best Cosmetic Dentists in Austin, TX",N/A (Public record not listed),Cosmetic Dentistry,,N/A (Not publicly listed),"Austin, TX",Austin,TX,USA,https://www.google.com/maps/search/?api=1&query=3%20Best%20Cosmetic%20Dentists%20in%20Austin%2C%20TX%20Austin%20TX,https://threebestrated.com/cosmetic-dentists-in-austin-tx,No Website,Domain Inaccessible / Connection Refused,,,Public Web Search,70,+50: No Website (Primary Target) | +20: Independent Local Practice,New,Scraped via Public Web Search,https://dentist-portfolio-website.vercel.app/?practice=3+Best+Cosmetic+Dentists+in+Austin%2C+TX&doctor=Doctor&city=Austin%2C+TX&phone=nan,"Website concept built for 3 Best Cosmetic Dentists in Austin, TX (Austin)","Hi Doctor,

I was looking up top-rated dental practices in Austin and came across 3 Best Cosmetic Dentists in Austin, TX. I noticed you have great reviews, but patients searching online can't find an official website to view your services or book an appointment.

Since over 70% of new patients choose a dentist online, I took the liberty of creating a personalized, mobile-friendly website demo built specifically for 3 Best Cosmetic Dentists in Austin, TX:

👉 View Your Live Practice Demo: https://dentist-portfolio-website.vercel.app/?practice=3+Best+Cosmetic+Dentists+in+Austin%2C+TX&doctor=Doctor&city=Austin%2C+TX&phone=nan

It includes an online appointment booking system, 3D smile transformation gallery, and 24/7 emergency hotline callouts. 

If you like how it looks, we can put this live on your custom domain in under 48 hours. Are you available for a quick 5-minute call this week?

Best regards,
Hari Om
Web Design & Growth Partner for Dental Practices
","Hi Doctor! I noticed 3 Best Cosmetic Dentists in Austin, TX in Austin doesn't have a website listed online. I built a custom mobile demo site for your practice here: https://dentist-portfolio-website.vercel.app/?practice=3+Best+Cosmetic+Dentists+in+Austin%2C+TX&doctor=Doctor&city=Austin%2C+TX&phone=nan — Let me know if you'd like to put this live!"
Trusted Dentist in Austin TX for Family Care,N/A (Public record not listed),Cosmetic Dentistry,,N/A (Not publicly listed),"Austin, TX",Austin,TX,USA,https://www.google.com/maps/search/?api=1&query=Trusted%20Dentist%20in%20Austin%20TX%20for%20Family%20Care%20Austin%20TX,https://www.lifetimedental.com/,Poor/Outdated Website,HTTP Error Status 403,,,Public Web Search,55,+35: Poor/Outdated Website (Redesign Target) | +20: Independent Local Practice,New,Scraped via Public Web Search,https://dentist-portfolio-website.vercel.app/?practice=Trusted+Dentist+in+Austin+TX+for+Family+Care&doctor=Doctor&city=Austin%2C+TX&phone=nan,Quick question about Trusted Dentist in Austin TX for Family Care's website,"Hi Doctor,

I was reviewing dental clinics in Austin and stopped by Trusted Dentist in Austin TX for Family Care's website. 

While analyzing your site, I noticed a few technical issues that might be costing you potential patient bookings:
(HTTP Error Status 403)

I created a modern, ultra-responsive website redesign concept tailored specifically for Trusted Dentist in Austin TX for Family Care:

👉 View Your Redesign Demo: https://dentist-portfolio-website.vercel.app/?practice=Trusted+Dentist+in+Austin+TX+for+Family+Care&doctor=Doctor&city=Austin%2C+TX&phone=nan

It includes an interactive smile makeover gallery and seamless online booking. 

Would you be open to a 5-minute chat to see how this redesign can increase your monthly patient bookings?

Best regards,
Hari Om
Web Design & Growth Partner for Dental Practices
",Hi Doctor! I reviewed Trusted Dentist in Austin TX for Family Care's website and created a modern mobile redesign concept for your clinic: https://dentist-portfolio-website.vercel.app/?practice=Trusted+Dentist+in+Austin+TX+for+Family+Care&doctor=Doctor&city=Austin%2C+TX&phone=nan — Take a look and let me know your thoughts!
"Best Dentists Near Me in Austin, TX",N/A (Public record not listed),General Dentistry,,N/A (Not publicly listed),"Austin, TX",Austin,TX,USA,https://www.google.com/maps/search/?api=1&query=Best%20Dentists%20Near%20Me%20in%20Austin%2C%20TX%20Austin%20TX,https://www.zocdoc.com/dentists/austin-221873pm,Poor/Outdated Website,HTTP Error Status 403,,,Public Web Search,55,+35: Poor/Outdated Website (Redesign Target) | +20: Independent Local Practice,New,Scraped via Public Web Search,https://dentist-portfolio-website.vercel.app/?practice=Best+Dentists+Near+Me+in+Austin%2C+TX&doctor=Doctor&city=Austin%2C+TX&phone=nan,"Quick question about Best Dentists Near Me in Austin, TX's website","Hi Doctor,

I was reviewing dental clinics in Austin and stopped by Best Dentists Near Me in Austin, TX's website. 

While analyzing your site, I noticed a few technical issues that might be costing you potential patient bookings:
(HTTP Error Status 403)

I created a modern, ultra-responsive website redesign concept tailored specifically for Best Dentists Near Me in Austin, TX:

👉 View Your Redesign Demo: https://dentist-portfolio-website.vercel.app/?practice=Best+Dentists+Near+Me+in+Austin%2C+TX&doctor=Doctor&city=Austin%2C+TX&phone=nan

It includes an interactive smile makeover gallery and seamless online booking. 

Would you be open to a 5-minute chat to see how this redesign can increase your monthly patient bookings?

Best regards,
Hari Om
Web Design & Growth Partner for Dental Practices
","Hi Doctor! I reviewed Best Dentists Near Me in Austin, TX's website and created a modern mobile redesign concept for your clinic: https://dentist-portfolio-website.vercel.app/?practice=Best+Dentists+Near+Me+in+Austin%2C+TX&doctor=Doctor&city=Austin%2C+TX&phone=nan — Take a look and let me know your thoughts!"
Family and Cosmetic Dental Care,N/A (Public record not listed),Cosmetic Dentistry,,N/A (Not publicly listed),"Austin, TX",Austin,TX,USA,https://www.google.com/maps/search/?api=1&query=Family%20and%20Cosmetic%20Dental%20Care%20Austin%20TX,https://theaustindentist.com/,Poor/Outdated Website,HTTP Error Status 418,,,Public Web Search,55,+35: Poor/Outdated Website (Redesign Target) | +20: Independent Local Practice,New,Scraped via Public Web Search,https://dentist-portfolio-website.vercel.app/?practice=Family+and+Cosmetic+Dental+Care&doctor=Doctor&city=Austin%2C+TX&phone=nan,Quick question about Family and Cosmetic Dental Care's website,"Hi Doctor,

I was reviewing dental clinics in Austin and stopped by Family and Cosmetic Dental Care's website. 

While analyzing your site, I noticed a few technical issues that might be costing you potential patient bookings:
(HTTP Error Status 418)

I created a modern, ultra-responsive website redesign concept tailored specifically for Family and Cosmetic Dental Care:

👉 View Your Redesign Demo: https://dentist-portfolio-website.vercel.app/?practice=Family+and+Cosmetic+Dental+Care&doctor=Doctor&city=Austin%2C+TX&phone=nan

It includes an interactive smile makeover gallery and seamless online booking. 

Would you be open to a 5-minute chat to see how this redesign can increase your monthly patient bookings?

Best regards,
Hari Om
Web Design & Growth Partner for Dental Practices
",Hi Doctor! I reviewed Family and Cosmetic Dental Care's website and created a modern mobile redesign concept for your clinic: https://dentist-portfolio-website.vercel.app/?practice=Family+and+Cosmetic+Dental+Care&doctor=Doctor&city=Austin%2C+TX&phone=nan — Take a look and let me know your thoughts!
"Breeze Dental: Dentist Austin, TX",N/A (Public record not listed),General Dentistry,,N/A (Not publicly listed),"Austin, TX",Austin,TX,USA,https://www.google.com/maps/search/?api=1&query=Breeze%20Dental%3A%20Dentist%20Austin%2C%20TX%20Austin%20TX,https://www.breezeoralcare.com/,Poor/Outdated Website,Slow page load time (11.0s),,,Public Web Search,55,+35: Poor/Outdated Website (Redesign Target) | +20: Independent Local Practice,New,Scraped via Public Web Search,https://dentist-portfolio-website.vercel.app/?practice=Breeze+Dental%3A+Dentist+Austin%2C+TX&doctor=Doctor&city=Austin%2C+TX&phone=nan,"Quick question about Breeze Dental: Dentist Austin, TX's website","Hi Doctor,

I was reviewing dental clinics in Austin and stopped by Breeze Dental: Dentist Austin, TX's website. 

While analyzing your site, I noticed a few technical issues that might be costing you potential patient bookings:
(Slow page load time (11.0s))

I created a modern, ultra-responsive website redesign concept tailored specifically for Breeze Dental: Dentist Austin, TX:

👉 View Your Redesign Demo: https://dentist-portfolio-website.vercel.app/?practice=Breeze+Dental%3A+Dentist+Austin%2C+TX&doctor=Doctor&city=Austin%2C+TX&phone=nan

It includes an interactive smile makeover gallery and seamless online booking. 

Would you be open to a 5-minute chat to see how this redesign can increase your monthly patient bookings?

Best regards,
Hari Om
Web Design & Growth Partner for Dental Practices
","Hi Doctor! I reviewed Breeze Dental: Dentist Austin, TX's website and created a modern mobile redesign concept for your clinic: https://dentist-portfolio-website.vercel.app/?practice=Breeze+Dental%3A+Dentist+Austin%2C+TX&doctor=Doctor&city=Austin%2C+TX&phone=nan — Take a look and let me know your thoughts!"
Top,N/A (Public record not listed),Cosmetic Dentistry,,N/A (Not publicly listed),"Austin, TX",Austin,TX,USA,https://www.google.com/maps/search/?api=1&query=Top%20Austin%20TX,https://southaustindentalassociates.com/,Poor/Outdated Website,Inaccessible: ('Connection broken: IncompleteRead(262 ,,,Public Web Search,55,+35: Poor/Outdated Website (Redesign Target) | +20: Independent Local Practice,New,Scraped via Public Web Search,https://dentist-portfolio-website.vercel.app/?practice=Top&doctor=Doctor&city=Austin%2C+TX&phone=nan,Quick question about Top's website,"Hi Doctor,

I was reviewing dental clinics in Austin and stopped by Top's website. 

While analyzing your site, I noticed a few technical issues that might be costing you potential patient bookings:
(Inaccessible: ('Connection broken: IncompleteRead(262 )

I created a modern, ultra-responsive website redesign concept tailored specifically for Top:

👉 View Your Redesign Demo: https://dentist-portfolio-website.vercel.app/?practice=Top&doctor=Doctor&city=Austin%2C+TX&phone=nan

It includes an interactive smile makeover gallery and seamless online booking. 

Would you be open to a 5-minute chat to see how this redesign can increase your monthly patient bookings?

Best regards,
Hari Om
Web Design & Growth Partner for Dental Practices
",Hi Doctor! I reviewed Top's website and created a modern mobile redesign concept for your clinic: https://dentist-portfolio-website.vercel.app/?practice=Top&doctor=Doctor&city=Austin%2C+TX&phone=nan — Take a look and let me know your thoughts!
"Best Dentists Near Me in Austin, Texas",N/A (Public record not listed),General Dentistry,,N/A (Not publicly listed),"Austin, TX",Austin,TX,USA,https://www.google.com/maps/search/?api=1&query=Best%20Dentists%20Near%20Me%20in%20Austin%2C%20Texas%20Austin%20TX,https://www.deltadental.com/member/find-a-dentist/texas/austin-dentists/,Poor/Outdated Website,Slow page load time (7.3s),,,Public Web Search,55,+35: Poor/Outdated Website (Redesign Target) | +20: Independent Local Practice,New,Scraped via Public Web Search,https://dentist-portfolio-website.vercel.app/?practice=Best+Dentists+Near+Me+in+Austin%2C+Texas&doctor=Doctor&city=Austin%2C+TX&phone=nan,"Quick question about Best Dentists Near Me in Austin, Texas's website","Hi Doctor,

I was reviewing dental clinics in Austin and stopped by Best Dentists Near Me in Austin, Texas's website. 

While analyzing your site, I noticed a few technical issues that might be costing you potential patient bookings:
(Slow page load time (7.3s))

I created a modern, ultra-responsive website redesign concept tailored specifically for Best Dentists Near Me in Austin, Texas:

👉 View Your Redesign Demo: https://dentist-portfolio-website.vercel.app/?practice=Best+Dentists+Near+Me+in+Austin%2C+Texas&doctor=Doctor&city=Austin%2C+TX&phone=nan

It includes an interactive smile makeover gallery and seamless online booking. 

Would you be open to a 5-minute chat to see how this redesign can increase your monthly patient bookings?

Best regards,
Hari Om
Web Design & Growth Partner for Dental Practices
","Hi Doctor! I reviewed Best Dentists Near Me in Austin, Texas's website and created a modern mobile redesign concept for your clinic: https://dentist-portfolio-website.vercel.app/?practice=Best+Dentists+Near+Me+in+Austin%2C+Texas&doctor=Doctor&city=Austin%2C+TX&phone=nan — Take a look and let me know your thoughts!"
"General Dentistry Near Me In Austin 78714, Austin",N/A (Public record not listed),General Dentistry,,N/A (Not publicly listed),"Austin, TX",Austin,TX,USA,https://www.google.com/maps/search/?api=1&query=General%20Dentistry%20Near%20Me%20In%20Austin%2078714%2C%20Austin%20Austin%20TX,https://www.practo.com/austin/doctors-for-general-dentistry/austin-78714,Poor/Outdated Website,Outdated copyright year (2017),,,Public Web Search,55,+35: Poor/Outdated Website (Redesign Target) | +20: Independent Local Practice,New,Scraped via Public Web Search,https://dentist-portfolio-website.vercel.app/?practice=General+Dentistry+Near+Me+In+Austin+78714%2C+Austin&doctor=Doctor&city=Austin%2C+TX&phone=nan,"Quick question about General Dentistry Near Me In Austin 78714, Austin's website","Hi Doctor,

I was reviewing dental clinics in Austin and stopped by General Dentistry Near Me In Austin 78714, Austin's website. 

While analyzing your site, I noticed a few technical issues that might be costing you potential patient bookings:
(Outdated copyright year (2017))

I created a modern, ultra-responsive website redesign concept tailored specifically for General Dentistry Near Me In Austin 78714, Austin:

👉 View Your Redesign Demo: https://dentist-portfolio-website.vercel.app/?practice=General+Dentistry+Near+Me+In+Austin+78714%2C+Austin&doctor=Doctor&city=Austin%2C+TX&phone=nan

It includes an interactive smile makeover gallery and seamless online booking. 

Would you be open to a 5-minute chat to see how this redesign can increase your monthly patient bookings?

Best regards,
Hari Om
Web Design & Growth Partner for Dental Practices
","Hi Doctor! I reviewed General Dentistry Near Me In Austin 78714, Austin's website and created a modern mobile redesign concept for your clinic: https://dentist-portfolio-website.vercel.app/?practice=General+Dentistry+Near+Me+In+Austin+78714%2C+Austin&doctor=Doctor&city=Austin%2C+TX&phone=nan — Take a look and let me know your thoughts!"
"Family Dentistry in Austin, TX",N/A (Public record not listed),General Dentistry,,N/A (Not publicly listed),"Austin, TX",Austin,TX,USA,https://www.google.com/maps/search/?api=1&query=Family%20Dentistry%20in%20Austin%2C%20TX%20Austin%20TX,https://www.austindentalspa.com/dentist-austin-tx/,Poor/Outdated Website,Outdated copyright year (2013),,,Public Web Search,55,+35: Poor/Outdated Website (Redesign Target) | +20: Independent Local Practice,New,Scraped via Public Web Search,https://dentist-portfolio-website.vercel.app/?practice=Family+Dentistry+in+Austin%2C+TX&doctor=Doctor&city=Austin%2C+TX&phone=nan,"Quick question about Family Dentistry in Austin, TX's website","Hi Doctor,

I was reviewing dental clinics in Austin and stopped by Family Dentistry in Austin, TX's website. 

While analyzing your site, I noticed a few technical issues that might be costing you potential patient bookings:
(Outdated copyright year (2013))

I created a modern, ultra-responsive website redesign concept tailored specifically for Family Dentistry in Austin, TX:

👉 View Your Redesign Demo: https://dentist-portfolio-website.vercel.app/?practice=Family+Dentistry+in+Austin%2C+TX&doctor=Doctor&city=Austin%2C+TX&phone=nan

It includes an interactive smile makeover gallery and seamless online booking. 

Would you be open to a 5-minute chat to see how this redesign can increase your monthly patient bookings?

Best regards,
Hari Om
Web Design & Growth Partner for Dental Practices
","Hi Doctor! I reviewed Family Dentistry in Austin, TX's website and created a modern mobile redesign concept for your clinic: https://dentist-portfolio-website.vercel.app/?practice=Family+Dentistry+in+Austin%2C+TX&doctor=Doctor&city=Austin%2C+TX&phone=nan — Take a look and let me know your thoughts!"
"The Best Cosmetic Dentists in Austin, According to Locals",N/A (Public record not listed),Cosmetic Dentistry,,N/A (Not publicly listed),"Austin, TX",Austin,TX,USA,https://www.google.com/maps/search/?api=1&query=The%20Best%20Cosmetic%20Dentists%20in%20Austin%2C%20According%20to%20Locals%20Austin%20TX,https://www.statesman.com/best/map/best-cosmetic-dentists-austin/,Poor/Outdated Website,Slow page load time (4.8s),,,Public Web Search,55,+35: Poor/Outdated Website (Redesign Target) | +20: Independent Local Practice,New,Scraped via Public Web Search,https://dentist-portfolio-website.vercel.app/?practice=The+Best+Cosmetic+Dentists+in+Austin%2C+According+to+Locals&doctor=Doctor&city=Austin%2C+TX&phone=nan,"Quick question about The Best Cosmetic Dentists in Austin, According to Locals's website","Hi Doctor,

I was reviewing dental clinics in Austin and stopped by The Best Cosmetic Dentists in Austin, According to Locals's website. 

While analyzing your site, I noticed a few technical issues that might be costing you potential patient bookings:
(Slow page load time (4.8s))

I created a modern, ultra-responsive website redesign concept tailored specifically for The Best Cosmetic Dentists in Austin, According to Locals:

👉 View Your Redesign Demo: https://dentist-portfolio-website.vercel.app/?practice=The+Best+Cosmetic+Dentists+in+Austin%2C+According+to+Locals&doctor=Doctor&city=Austin%2C+TX&phone=nan

It includes an interactive smile makeover gallery and seamless online booking. 

Would you be open to a 5-minute chat to see how this redesign can increase your monthly patient bookings?

Best regards,
Hari Om
Web Design & Growth Partner for Dental Practices
","Hi Doctor! I reviewed The Best Cosmetic Dentists in Austin, According to Locals's website and created a modern mobile redesign concept for your clinic: https://dentist-portfolio-website.vercel.app/?practice=The+Best+Cosmetic+Dentists+in+Austin%2C+According+to+Locals&doctor=Doctor&city=Austin%2C+TX&phone=nan — Take a look and let me know your thoughts!"
Family Dentistry on Manchaca,N/A (Public record not listed),Cosmetic Dentistry,,N/A (Not publicly listed),"Austin, TX",Austin,TX,USA,https://www.google.com/maps/search/?api=1&query=Family%20Dentistry%20on%20Manchaca%20Austin%20TX,https://familydentistryonmanchaca.com/,Poor/Outdated Website,Slow page load time (6.3s),,,Public Web Search,55,+35: Poor/Outdated Website (Redesign Target) | +20: Independent Local Practice,New,Scraped via Public Web Search,https://dentist-portfolio-website.vercel.app/?practice=Family+Dentistry+on+Manchaca&doctor=Doctor&city=Austin%2C+TX&phone=nan,Quick question about Family Dentistry on Manchaca's website,"Hi Doctor,

I was reviewing dental clinics in Austin and stopped by Family Dentistry on Manchaca's website. 

While analyzing your site, I noticed a few technical issues that might be costing you potential patient bookings:
(Slow page load time (6.3s))

I created a modern, ultra-responsive website redesign concept tailored specifically for Family Dentistry on Manchaca:

👉 View Your Redesign Demo: https://dentist-portfolio-website.vercel.app/?practice=Family+Dentistry+on+Manchaca&doctor=Doctor&city=Austin%2C+TX&phone=nan

It includes an interactive smile makeover gallery and seamless online booking. 

Would you be open to a 5-minute chat to see how this redesign can increase your monthly patient bookings?

Best regards,
Hari Om
Web Design & Growth Partner for Dental Practices
",Hi Doctor! I reviewed Family Dentistry on Manchaca's website and created a modern mobile redesign concept for your clinic: https://dentist-portfolio-website.vercel.app/?practice=Family+Dentistry+on+Manchaca&doctor=Doctor&city=Austin%2C+TX&phone=nan — Take a look and let me know your thoughts!
